threshold,serial_number,fold,failure_date,first_alert_date,lead_time_days,alerted,max_eligible_score
0.35,1090A01EF9RG,1,2023-12-23,,,False,0.34704210934105184
0.35,10B0A0U8F97G,3,2023-11-21,2023-10-26,26.0,True,0.38909980963895946
0.35,10K0A0M7F97G,0,2023-11-07,,,False,0.30158726606591085
0.35,11C0A012F97G,0,2023-11-30,,,False,0.3341195270929709
0.35,11J0A05FF97G,0,2023-10-06,,,False,0.3341195270929709
0.35,1270A0J1FVKG,3,2023-12-22,2023-12-22,0.0,True,0.3630029231485883
0.35,1270A0JSFVKG,4,2023-10-23,,,False,0.3348234870593261
0.35,1270A17RFVKG,4,2023-12-28,,,False,0.3348234870593261
0.35,1280A03BFVKG,3,2023-11-07,,,False,0.3392101623784625
0.35,1290A08EFVKG,2,2023-11-05,,,False,0.34245999409712896
0.35,1290A0TVFVKG,1,2023-11-06,2023-11-05,1.0,True,0.37098527147387156
0.35,12C0A041FVKG,3,2023-10-22,2023-10-22,0.0,True,0.4403594624238873
0.35,13R0A07LFVKG,3,2023-12-20,,,False,0.3385182318271604
0.35,17OYTGKWT,1,2023-12-12,2023-10-01,72.0,True,0.9933139986596169
0.35,17OYTGL6T,3,2023-11-17,2023-10-07,41.0,True,0.9888396847706427
0.35,2003261EDB73,1,2023-11-29,,,False,0.34704210934105184
0.35,20H0A087F97G,3,2023-11-10,2023-11-10,0.0,True,0.3635744420727479
0.35,20H0A13FF97G,0,2023-10-30,,,False,0.3341195270929709
0.35,20W0A0RGF97G,4,2023-12-20,2023-10-01,80.0,True,0.5233392404606398
0.35,22321A803710,4,2023-10-07,,,False,0.3348234870593261
0.35,22331T804912,0,2023-10-05,,,False,0.3341195270929709
0.35,2AGH35LY,3,2023-11-09,2023-10-01,39.0,True,0.999936244254838
0.35,2AGLY65Y,3,2023-11-20,2023-11-10,10.0,True,0.4408161948887267
0.35,2AGMK1TY,3,2023-10-14,2023-10-14,0.0,True,0.4140485732060822
0.35,2AGMLUAY,1,2023-10-24,2023-10-02,22.0,True,0.6019479373102078
0.35,2AGMLZUY,3,2023-12-12,2023-10-05,68.0,True,0.7115450413117544
0.35,2AGMND3Y,2,2023-11-08,2023-10-01,38.0,True,0.9139647175238116
0.35,2AGMNGUY,0,2023-10-26,,,False,0.31438428446962924
0.35,2AGMUVEY,1,2023-11-24,2023-10-02,53.0,True,0.7628158838444851
0.35,2AGN7XWY,4,2023-11-10,,,False,0.3348234870593261
0.35,2AGNKB9Y,1,2023-11-29,,,False,0.34704210934105184
0.35,2AGPPLLY,4,2023-11-29,2023-10-06,54.0,True,0.9974365881919899
0.35,2BJBGNDN,0,2023-11-17,,,False,0.3341195270929709
0.35,2BK9LUJR,4,2023-11-07,,,False,0.3348234870593261
0.35,2BKY735T,1,2023-12-14,2023-11-20,24.0,True,0.7375204972074509
0.35,2CGRWHSN,2,2023-10-10,,,False,0.34245999409712896
0.35,2PH3PV1N,3,2023-10-15,2023-10-03,12.0,True,0.9999999998408156
0.35,3070A0ANF97G,1,2023-10-26,,,False,0.34704210934105184
0.35,40M0A0D1F97G,0,2023-10-13,,,False,0.3341195270929709
0.35,40W0A02GF97G,4,2023-11-26,2023-10-01,56.0,True,0.6536005098206936
0.35,40X0A0EFF97G,1,2023-12-21,2023-11-25,26.0,True,0.38142855388771224
0.35,43E0A015FVKG,0,2023-11-01,,,False,0.3341195270929709
0.35,45CHK11VFMYB,4,2023-10-12,,,False,0.3348234870593261
0.35,5090A10SF97G,3,2023-12-15,2023-10-03,73.0,True,0.3882192073295394
0.35,5120A01HF97G,3,2023-12-04,,,False,0.3385182318271604
0.35,51Q0A0APFVGG,3,2023-12-19,2023-12-15,4.0,True,0.9577223220970268
0.35,51R0A3RVFVGG,4,2023-11-30,2023-11-26,4.0,True,0.3644611506902172
0.35,51T0A0MKFVGG,4,2023-12-23,,,False,0.3348234870593261
0.35,52U0A09AFVKG,1,2023-10-18,,,False,0.34704210934105184
0.35,5PH9D1ED,2,2023-10-11,2023-10-06,5.0,True,0.466014682374427
0.35,5PHKJLUF,1,2023-12-20,2023-10-18,63.0,True,0.7649065570141191
0.35,5PHKUTVD,4,2023-12-18,2023-11-01,47.0,True,0.5299439307163015
0.35,5PHKW01D,0,2023-11-02,2023-10-29,4.0,True,0.40398940013808154
0.35,5PHKWYED,0,2023-11-15,,,False,0.3341195270929709
0.35,5PHPEN2D,3,2023-11-30,2023-11-10,20.0,True,0.42171160835809857
0.35,5PHPLEGD,0,2023-10-11,2023-10-03,8.0,True,0.552565099988144
0.35,5PHRR7RD,3,2023-10-09,2023-10-08,1.0,True,0.36400333405319485
0.35,5PJ7H9RD,0,2023-11-26,2023-11-19,7.0,True,1.0
0.35,5PJAAGLD,4,2023-12-03,2023-11-25,8.0,True,0.5902657330850086
0.35,5PJATL0F,4,2023-12-11,,,False,0.3348234870593261
0.35,5QKVJ8UB,1,2023-12-01,,,False,0.34704210934105184
0.35,6120A00EF97G,2,2023-11-06,2023-10-01,36.0,True,0.372080704755176
0.35,6210A02XFVKG,1,2023-10-02,2023-10-02,0.0,True,0.37098527147387156
0.35,6210A08MFVKG,3,2023-10-12,2023-10-11,1.0,True,0.3630029231485883
0.35,6210A0LVFVKG,2,2023-11-27,2023-10-07,51.0,True,1.0
0.35,6240A2WDFVKG,1,2023-11-09,2023-10-02,38.0,True,0.8775884039015741
0.35,6250A01BFVKG,0,2023-11-19,,,False,0.3341195270929709
0.35,6250A02TFVKG,4,2023-11-18,2023-10-08,41.0,True,0.9768181766871046
0.35,6250A0ZEFVKG,1,2023-11-14,2023-10-05,40.0,True,0.6269840412119378
0.35,6250A158FVKG,1,2023-11-16,2023-11-16,0.0,True,0.37098527147387156
0.35,6250A1HZFVKG,0,2023-10-15,2023-10-06,9.0,True,0.9624433928845927
0.35,6260A025FVKG,1,2023-12-24,2023-10-06,79.0,True,0.5566198615748282
0.35,6260A0BJFVKG,3,2023-10-27,,,False,0.3392101623784625
0.35,6280A020FVKG,0,2023-11-10,,,False,0.3341195270929709
0.35,6280A0JSFVKG,1,2023-12-20,2023-10-01,80.0,True,0.44626588616368035
0.35,6290A02VFVKG,2,2023-10-22,2023-10-01,21.0,True,0.372080704755176
0.35,62A0A022FVKG,2,2023-11-04,2023-10-14,21.0,True,0.49822468028169364
0.35,7030A0CTF97G,2,2023-12-08,,,False,0.34245999409712896
0.35,70E0A13VF97G,0,2023-10-19,,,False,0.3341195270929709
0.35,70P0A0DJFV8G,4,2023-12-21,,,False,0.3348234870593261
0.35,72V0A004F97G,2,2023-12-03,2023-10-03,61.0,True,0.9807238071103554
0.35,78B0A04EF97G,1,2023-10-09,,,False,0.34716580956780807
0.35,78P0A00RF97G,3,2023-10-16,,,False,0.3385182318271604
0.35,7LZ029TG,4,2023-10-05,,,False,0.3348234870593261
0.35,7QT02S4X,4,2023-10-15,,,False,0.3348234870593261
0.35,8160A23UFVKG,2,2023-10-27,,,False,0.34245999409712896
0.35,8180A0XHFVKG,2,2023-10-17,2023-10-14,3.0,True,1.0
0.35,8180A0Z7FVKG,3,2023-11-06,2023-10-02,35.0,True,0.6515003301382127
0.35,81W0A0E3FV8G,2,2023-12-21,2023-12-09,12.0,True,0.993918728612458
0.35,8250A049FVKG,3,2023-10-08,,,False,0.3385182318271604
0.35,8280A02JFVKG,2,2023-11-14,2023-10-25,20.0,True,0.372080704755176
0.35,88Q0A0LYF97G,2,2023-11-01,2023-10-01,31.0,True,0.40269438151178694
0.35,88T0A035F97G,1,2023-12-09,2023-12-05,4.0,True,0.37124005744035704
0.35,8CGJEK9G,1,2023-11-02,2023-10-02,31.0,True,1.0
0.35,8CGJUALG,2,2023-11-02,2023-10-01,32.0,True,1.0
0.35,8CGJUH6G,4,2023-11-14,,,False,0.3348234870593261
0.35,8CGL3KYG,0,2023-10-23,2023-10-02,21.0,True,1.0
0.35,8CGLBLKG,2,2023-12-22,2023-10-03,80.0,True,1.0
0.35,8CH384ME,0,2023-12-03,2023-10-02,62.0,True,0.6859858377540735
0.35,8DHBDYLH,3,2023-11-22,2023-10-01,52.0,True,0.9999999999418916
0.35,8DHVL1XH,1,2023-12-15,2023-10-07,69.0,True,0.9893992970639559
0.35,8HGNSXXH,3,2023-11-28,2023-10-02,57.0,True,0.5474809623840466
0.35,8HGZRBWH,0,2023-12-18,2023-10-03,76.0,True,0.847111847402676
0.35,8HH45UGH,0,2023-12-18,2023-11-24,24.0,True,0.948536323886136
0.35,8HH9EZNH,2,2023-12-14,2023-10-04,71.0,True,0.9999991267235814
0.35,8HJRRMBH,1,2023-10-08,2023-10-04,4.0,True,0.6485703026050862
0.35,8HK2NBJH,3,2023-12-10,2023-11-01,39.0,True,0.4140485732060822
0.35,8HK2TJHH,1,2023-12-02,2023-10-05,58.0,True,0.9673210088786051
0.35,8HK7Y28H,0,2023-11-02,2023-10-03,30.0,True,0.9994207675987947
0.35,8HKTH2SH,4,2023-11-27,2023-11-27,0.0,True,0.8020052582350284
0.35,8HKXE65H,0,2023-10-18,,,False,0.3341195270929709
0.35,92A0A06MFVKG,1,2023-12-05,,,False,0.34716580956780807
0.35,92J0A07XFVKG,0,2023-12-11,,,False,0.3341195270929709
0.35,92M0A06GFVKG,3,2023-11-06,,,False,0.3385182318271604
0.35,AAG1LLJH,2,2023-11-26,2023-10-01,56.0,True,0.920183796079607
0.35,AAG26NBH,1,2023-10-19,2023-10-05,14.0,True,0.8750055160724175
0.35,AAG26PSH,2,2023-12-02,2023-10-03,60.0,True,0.3776154047199285
0.35,AAG2HK2H,1,2023-12-08,2023-10-02,67.0,True,0.9995262909944399
0.35,AAG61KSH,3,2023-12-16,2023-10-01,76.0,True,0.9823175566646194
0.35,AAG61VBH,0,2023-10-19,,,False,0.33423620141275423
0.35,AAG63WDH,4,2023-12-06,2023-10-01,66.0,True,0.9999999986704944
0.35,AAG63XMH,4,2023-10-01,2023-10-01,0.0,True,0.7575126707453537
0.35,AAG67TXH,3,2023-10-24,2023-10-08,16.0,True,0.9988758421409916
0.35,AAG6GHPH,0,2023-12-07,2023-11-10,27.0,True,0.5973652385849929
0.35,AAG6J3VH,4,2023-11-30,2023-10-01,60.0,True,0.5565828445941416
0.35,AAG6NPYH,1,2023-12-07,2023-10-05,63.0,True,0.43883156729947964
0.35,AAG6TG3H,4,2023-10-01,,,False,0.3348234870593261
0.35,AAG6USGH,4,2023-11-10,2023-10-16,25.0,True,0.36441978252571866
0.35,AAG6VLMH,1,2023-11-18,2023-10-01,48.0,True,0.9462748709894383
0.35,AAG6Y8ZH,2,2023-10-05,2023-10-01,4.0,True,0.9999991295803785
0.35,AAGP140H,1,2023-11-29,2023-10-01,59.0,True,0.7861917379610834
0.35,AAHKXKUH,3,2023-10-11,2023-10-11,0.0,True,0.3882192073295394
0.35,AAHLBWSH,3,2023-12-11,2023-10-02,70.0,True,0.8409929809192325
0.35,AAHLDXHH,3,2023-10-14,2023-10-02,12.0,True,0.3882192073295394
0.35,AAHMX1BH,3,2023-10-02,2023-10-02,0.0,True,0.9411617378337376
0.35,PL1331LAHEAVHH,3,2023-11-17,,,False,0.3385182318271604
0.35,PL2331LAH3ABZJ,0,2023-11-07,2023-10-03,35.0,True,0.6434655560098617
0.35,PL2331LAH43B4J,0,2023-11-26,,,False,0.3341195270929709
0.35,QGK97X5T,0,2023-10-10,2023-10-01,9.0,True,0.8475188817502382
0.35,S2ZYJ9GGB01081,3,2023-11-17,2023-11-09,8.0,True,0.6975798159827898
0.35,S300Z7LH,0,2023-11-04,2023-10-01,34.0,True,0.9999999999999998
0.35,S301GQAL,2,2023-12-11,2023-10-02,70.0,True,1.0
0.35,S301K4FX,0,2023-11-30,2023-10-03,58.0,True,0.9911129784101749
0.35,VKGKWERX,4,2023-11-13,,,False,0.3348234870593261
0.35,VKH173MX,2,2023-11-30,,,False,0.34245999409712896
0.35,VKH99RYX,3,2023-11-02,2023-10-05,28.0,True,0.8186766686604373
0.35,WD-WXQ1AA541HX5,1,2023-11-17,2023-10-08,40.0,True,0.6952908376720542
0.35,X050A003F97G,4,2023-12-20,2023-12-20,0.0,True,0.3644611506902172
0.35,X880A0EMF97G,3,2023-12-02,2023-11-30,2.0,True,0.3630029231485883
0.35,X880A0JCF97G,0,2023-10-16,,,False,0.33423620141275423
0.35,X8E0A010F97G,0,2023-11-12,,,False,0.3341195270929709
0.35,X8E0A025F97G,3,2023-11-26,2023-11-06,20.0,True,0.38909980963895946
0.35,X8F0A08CF97G,0,2023-10-02,2023-10-01,1.0,True,0.42572000871857685
0.35,X8G0A07BF97G,0,2023-11-20,2023-11-20,0.0,True,0.4038631472120465
0.35,Y230A003FVKG,3,2023-12-05,2023-10-01,65.0,True,0.4140485732060822
0.35,Y8S0A00MF97G,0,2023-12-07,2023-12-05,2.0,True,0.36830325434611627
0.35,Z1A0A01BFVKG,4,2023-12-14,2023-12-11,3.0,True,0.5241125605076213
0.35,Z1G0A015FVKG,1,2023-11-14,2023-10-01,44.0,True,0.395579563505369
0.35,Z303H7WP,2,2023-11-21,2023-10-02,50.0,True,0.9530999007354972
0.35,Z303QQH9,1,2023-11-25,2023-10-05,51.0,True,1.0
0.35,Z303XYWQ,4,2023-11-11,2023-10-06,36.0,True,0.999995284643401
0.35,Z304GE9A,2,2023-10-18,,,False,0.34245999409712896
0.35,Z304H4LE,1,2023-10-18,2023-10-04,14.0,True,1.0
0.35,Z304HWWL,2,2023-11-14,2023-11-14,0.0,True,0.9999971904998727
0.35,Z304JW45,0,2023-10-23,2023-10-21,2.0,True,1.0
0.35,Z304K68J,4,2023-10-15,,,False,0.3348234870593261
0.35,Z304K6DN,4,2023-10-31,2023-10-04,27.0,True,0.5878992728743744
0.35,Z304L95Y,0,2023-10-20,2023-10-18,2.0,True,1.0
0.35,Z304Z4W1,4,2023-10-19,2023-10-04,15.0,True,0.5902225373990911
0.35,Z3058T9M,3,2023-11-27,,,False,0.3385182318271604
0.35,Z305D34N,2,2023-10-19,2023-10-05,14.0,True,1.0
0.35,Z305D3EF,0,2023-11-22,2023-11-20,2.0,True,1.0
0.35,Z305D60D,3,2023-10-20,2023-10-11,9.0,True,1.0
0.35,Z305D63V,3,2023-11-01,2023-10-20,12.0,True,1.0
0.35,Z305DJ0W,4,2023-10-28,2023-10-03,25.0,True,0.589061401720248
0.35,Z305DJ3A,1,2023-10-20,2023-10-02,18.0,True,1.0
0.35,Z305EWC4,3,2023-12-18,2023-10-01,78.0,True,0.9999998901117325
0.35,Z305KB2K,1,2023-12-14,,,False,0.34704210934105184
0.35,Z305LMY1,2,2023-10-12,2023-10-04,8.0,True,0.9999997580209997
0.35,Z305PJLH,1,2023-10-16,2023-10-02,14.0,True,1.0
0.35,Z305Q06E,3,2023-11-24,2023-10-30,25.0,True,1.0
0.35,Z7KDT7N5T,0,2023-11-10,2023-10-03,38.0,True,0.6251012036499343
0.35,ZA11G804,4,2023-12-03,2023-10-02,62.0,True,0.6477639459050193
0.35,ZA11JA0Y,2,2023-10-21,2023-10-03,18.0,True,1.0
0.35,ZA12A7Q2,0,2023-10-02,2023-10-02,0.0,True,0.9920514403182836
0.35,ZA12KEHB,2,2023-11-30,2023-10-02,59.0,True,0.9999999999999722
0.35,ZA12NYP5,1,2023-11-30,2023-10-01,60.0,True,0.99999999999917
0.35,ZA12X5D7,1,2023-10-12,2023-10-02,10.0,True,0.9999984049374908
0.35,ZA13GZC5,4,2023-10-11,2023-10-08,3.0,True,1.0
0.35,ZA13QZS7,3,2023-12-19,2023-10-01,79.0,True,0.9984754660329381
0.35,ZA13R3JX,1,2023-12-09,2023-10-01,69.0,True,0.9438232280626492
0.35,ZA13YPC8,1,2023-10-27,2023-10-01,26.0,True,0.3590095235206041
0.35,ZA13YPM7,3,2023-10-14,2023-10-09,5.0,True,0.35985020105598314
0.35,ZA13ZBCR,4,2023-10-15,2023-10-01,14.0,True,0.9999985390110036
0.35,ZA14F16Y,4,2023-10-11,2023-10-01,10.0,True,0.9999999999999405
0.35,ZA16DSXY,3,2023-11-06,2023-10-02,35.0,True,0.9999999998385609
0.35,ZA16DVXM,4,2023-10-04,,,False,0.3499484375928782
0.35,ZA1809YW,2,2023-10-19,2023-10-02,17.0,True,0.9999995803753448
0.35,ZA180QZR,1,2023-10-27,2023-10-02,25.0,True,0.47641447745917104
0.35,ZA180SK8,4,2023-10-04,2023-10-04,0.0,True,0.9999999997972322
0.35,ZA180XCW,4,2023-10-11,2023-10-11,0.0,True,0.9999999999998654
0.35,ZA1818T0,3,2023-10-02,2023-10-02,0.0,True,0.9999999940700106
0.35,ZA1819AM,2,2023-10-10,2023-10-03,7.0,True,0.8597703351403465
0.35,ZA1819F5,2,2023-11-09,2023-11-09,0.0,True,0.9999198938598884
0.35,ZA1819GV,0,2023-11-05,2023-11-05,0.0,True,0.8629439959873848
0.35,ZA18AAWQ,0,2023-11-19,2023-10-02,48.0,True,0.9999133168656686
0.35,ZA18BM1C,1,2023-11-26,2023-10-04,53.0,True,0.9999999999999938
0.35,ZA18BTD8,4,2023-12-07,2023-10-27,41.0,True,0.9999999999827902
0.35,ZA20Z047,0,2023-12-01,2023-12-01,0.0,True,1.0
0.35,ZA21A5Y7,3,2023-11-26,2023-10-02,55.0,True,0.9935630629252818
0.35,ZA21BZ0T,2,2023-12-08,2023-10-03,66.0,True,1.0
0.35,ZA21C0JJ,1,2023-12-22,2023-10-02,81.0,True,1.0
0.35,ZA21E17R,3,2023-10-19,2023-10-06,13.0,True,0.9999996216214433
0.35,ZCH0GBE8,2,2023-12-06,2023-11-24,12.0,True,0.3518564379363282
0.35,ZDEB331Z,4,2023-10-29,,,False,0.3348234870593261
0.35,ZDEB33CV,2,2023-11-25,,,False,0.34245999409712896
0.35,ZHZ0Z125,0,2023-10-19,,,False,0.3341195270929709
0.35,ZHZ2KWN2,0,2023-12-20,,,False,0.34257128053707686
0.35,ZHZ32Z2A,4,2023-11-26,2023-10-01,56.0,True,1.0
0.35,ZHZ394VJ,2,2023-11-03,2023-10-16,18.0,True,0.9999999802691226
0.35,ZHZ3DWLK,1,2023-11-01,,,False,0.34704210934105184
0.35,ZHZ3HR6L,0,2023-11-16,2023-11-01,15.0,True,1.0
0.35,ZHZ3L8C1,1,2023-11-29,2023-10-02,58.0,True,0.9998236528199608
0.35,ZHZ3LXTG,2,2023-11-13,2023-10-04,40.0,True,1.0
0.35,ZHZ3MA7D,1,2023-10-10,2023-10-01,9.0,True,1.0
0.35,ZHZ3MGLV,3,2023-11-21,2023-11-07,14.0,True,1.0
0.35,ZHZ3MT6Z,4,2023-11-03,2023-11-03,0.0,True,0.35432752015645197
0.35,ZHZ3N6KC,3,2023-11-07,,,False,0.3385182318271604
0.35,ZHZ3PTNR,0,2023-10-05,,,False,0.3341195270929709
0.35,ZHZ3QCC7,2,2023-12-06,2023-10-03,64.0,True,0.9999357616841532
0.35,ZHZ3RK71,4,2023-11-26,2023-10-30,27.0,True,1.0
0.35,ZHZ3SR7F,4,2023-11-30,2023-10-02,59.0,True,1.0
0.35,ZHZ3V4NN,1,2023-10-15,2023-10-02,13.0,True,1.0
0.35,ZHZ42CC1,2,2023-11-22,2023-10-03,50.0,True,1.0
0.35,ZHZ45VMA,4,2023-11-12,,,False,0.3348234870593261
0.35,ZHZ4GAX2,2,2023-11-16,,,False,0.34245999409712896
0.35,ZHZ4L0PB,1,2023-11-16,2023-10-26,21.0,True,0.9235405250236691
0.35,ZHZ4LM9D,3,2023-12-10,,,False,0.3418457491195624
0.35,ZHZ4V42G,2,2023-11-17,2023-10-20,28.0,True,0.3709915518455691
0.35,ZHZ4WMSE,4,2023-12-23,2023-11-03,50.0,True,0.9999878154429882
0.35,ZHZ4XHXD,4,2023-10-20,,,False,0.3391120373309228
0.35,ZHZ4XNLB,3,2023-10-02,2023-10-02,0.0,True,0.999995050873643
0.35,ZHZ4Y6GT,0,2023-11-29,2023-11-07,22.0,True,0.5132218223937204
0.35,ZHZ4Y9TX,1,2023-10-06,2023-10-03,3.0,True,0.39906487576293287
0.35,ZHZ50LQL,0,2023-11-17,,,False,0.3359887455017787
0.35,ZHZ50LTQ,4,2023-11-06,,,False,0.3348234870593261
0.35,ZHZ50QXV,4,2023-10-11,2023-10-09,2.0,True,0.41908283226934795
0.35,ZHZ50R8C,3,2023-11-06,,,False,0.3385182318271604
0.35,ZHZ50RD2,3,2023-11-27,2023-11-13,14.0,True,1.0
0.35,ZHZ50X1F,2,2023-12-16,2023-10-03,74.0,True,0.999999998388313
0.35,ZHZ50X7P,3,2023-10-16,2023-10-01,15.0,True,0.6426176524315333
0.35,ZHZ50XCD,3,2023-11-29,2023-10-04,56.0,True,0.4427266115989338
0.35,ZHZ50XCW,1,2023-11-29,2023-10-05,55.0,True,0.7660940784068807
0.35,ZHZ513PZ,0,2023-11-22,2023-11-09,13.0,True,1.0
0.35,ZHZ61HKN,1,2023-11-01,2023-10-05,27.0,True,1.0
0.35,ZHZ62E5L,3,2023-11-08,,,False,0.33962565067107514
0.35,ZHZ62N7S,4,2023-10-24,2023-10-01,23.0,True,1.0
0.35,ZHZ62PG6,2,2023-10-30,2023-10-01,29.0,True,1.0
0.35,ZHZ62PMQ,4,2023-12-13,,,False,0.3380373875431902
0.35,ZHZ62Q5Y,3,2023-10-12,2023-10-01,11.0,True,0.8701957808775349
0.35,ZHZ631G9,0,2023-11-26,2023-11-26,0.0,True,0.7229245063030953
0.35,ZHZ631MX,2,2023-11-26,,,False,0.34245999409712896
0.35,ZHZ636KT,3,2023-10-12,2023-10-03,9.0,True,0.9988728625679459
0.35,ZHZ63CS2,2,2023-11-11,2023-11-08,3.0,True,0.9485030786762554
0.35,ZHZ63EE5,0,2023-10-03,2023-10-01,2.0,True,0.998220623722586
0.35,ZHZ666DD,0,2023-11-09,,,False,0.3341195270929709
0.35,ZHZ666X5,1,2023-10-18,2023-10-02,16.0,True,0.4340709511383322
0.35,ZHZ6691P,3,2023-11-20,2023-11-15,5.0,True,0.9328348675631516
0.35,ZJV3BAMC,3,2023-10-28,2023-10-04,24.0,True,0.9999999999997466
0.35,ZJV3BARY,3,2023-11-18,2023-11-17,1.0,True,0.9999999996046429
0.35,ZJV3C85P,4,2023-12-12,2023-10-01,72.0,True,0.9999941551478637
0.35,ZJV4SYBE,3,2023-12-21,2023-10-04,78.0,True,0.9999999992775386
0.35,ZL004R1P,1,2023-12-08,2023-11-26,12.0,True,1.0
0.35,ZL004VWE,4,2023-11-29,,,False,0.3348234870593261
0.35,ZL005280,4,2023-11-22,2023-11-08,14.0,True,0.9999998958377179
0.35,ZL00563L,0,2023-12-10,,,False,0.3341195270929709
0.35,ZL005664,3,2023-12-15,,,False,0.3385182318271604
0.35,ZL005C2D,3,2023-12-16,2023-10-09,68.0,True,0.98753143079418
0.35,ZL005CTJ,4,2023-10-19,2023-10-19,0.0,True,0.9200892460776269
0.35,ZL005E1T,0,2023-12-22,2023-11-09,43.0,True,0.9999999860277198
0.35,ZL005E6W,3,2023-11-21,,,False,0.3385182318271604
0.35,ZL22YRSD,0,2023-12-13,2023-11-23,20.0,True,1.0
0.35,ZL22ZHJF,2,2023-10-10,,,False,0.3476655500975009
0.35,ZL22ZHJX,3,2023-10-02,,,False,0.3496703280254837
0.35,ZL22ZX5C,2,2023-11-23,2023-11-20,3.0,True,0.6385322468824162
0.35,ZL232KSM,1,2023-11-30,2023-10-01,60.0,True,1.0
0.35,ZL23X28N,4,2023-10-26,2023-10-03,23.0,True,0.809969398260368
0.35,ZL23XZV8,3,2023-10-20,2023-10-03,17.0,True,1.0
0.35,ZL2991XX,2,2023-12-18,2023-12-12,6.0,True,0.9999859881917447
0.35,ZL2DGZB4,1,2023-10-06,2023-10-02,4.0,True,0.9999999998529367
0.35,ZL2KAANL,4,2023-10-14,,,False,0.3348234870593261
0.35,ZL2LA2XJ,2,2023-10-16,,,False,0.34245999409712896
0.35,ZL2LGEMP,0,2023-10-19,2023-10-03,16.0,True,0.9980776043686239
0.35,ZL2LGQ1N,4,2023-11-10,2023-10-04,37.0,True,0.9998244131099189
0.35,ZL2LTEFX,4,2023-11-30,2023-10-09,52.0,True,1.0
0.35,ZL2LTQNY,3,2023-10-19,,,False,0.3385182318271604
0.35,ZL2NFYC7,4,2023-10-12,,,False,0.3348234870593261
0.35,ZL2NFYM9,1,2023-10-31,,,False,0.34704210934105184
0.35,ZL2NG09E,1,2023-11-06,2023-10-01,36.0,True,0.9999999999001057
0.35,ZLW0CTCW,2,2023-10-12,,,False,0.34245999409712896
0.35,ZLW0DVNZ,1,2023-11-06,2023-10-11,26.0,True,0.9680267104609315
0.35,ZLW0EGZ3,4,2023-11-20,,,False,0.3348234870593261
0.35,ZLW0GGAE,3,2023-10-10,2023-10-10,0.0,True,0.3852556084618057
0.35,ZLW0GJW3,1,2023-10-10,,,False,0.34704210934105184
0.35,ZLW0H3EF,3,2023-12-13,,,False,0.340734826169684
0.35,ZLW0H3EY,2,2023-10-20,,,False,0.34245999409712896
0.35,ZLW0H3H6,1,2023-10-07,,,False,0.34704210934105184
0.35,ZLW0HCHQ,2,2023-11-09,,,False,0.3445377537074401
0.35,ZLW0HCL0,3,2023-10-12,2023-10-05,7.0,True,0.9999998901117325
0.35,ZLW0WFKM,1,2023-11-09,,,False,0.34803228835051403
0.35,ZLW15TEZ,4,2023-11-26,2023-10-09,48.0,True,1.0
0.35,ZLW17QM9,0,2023-11-02,2023-10-02,31.0,True,0.9999505892014642
0.35,ZLW17S10,3,2023-10-10,2023-10-07,3.0,True,1.0
0.35,ZLW17SQ7,0,2023-10-10,2023-10-01,9.0,True,1.0
0.35,ZLW18E5F,3,2023-12-07,2023-12-02,5.0,True,0.3713105765262549
0.35,ZLW18EF5,3,2023-12-08,2023-10-05,64.0,True,0.9999997310815539
0.35,ZLW18EFS,2,2023-11-22,2023-10-02,51.0,True,1.0
0.35,ZLW18EHG,4,2023-12-22,2023-10-04,79.0,True,1.0
0.35,ZLW18EKC,3,2023-11-17,2023-10-03,45.0,True,1.0
0.35,ZLW18ML2,3,2023-10-29,2023-10-03,26.0,True,1.0
0.35,ZLW18TKK,4,2023-11-19,2023-10-24,26.0,True,0.999999994963475
0.35,ZLW18TT4,0,2023-11-09,2023-11-09,0.0,True,1.0
0.35,ZTM061J9,1,2023-10-25,2023-10-13,12.0,True,1.0
0.35,ZTM086QH,0,2023-11-12,2023-11-06,6.0,True,1.0
0.7,1090A01EF9RG,1,2023-12-23,,,False,0.34704210934105184
0.7,10B0A0U8F97G,3,2023-11-21,,,False,0.38909980963895946
0.7,10K0A0M7F97G,0,2023-11-07,,,False,0.30158726606591085
0.7,11C0A012F97G,0,2023-11-30,,,False,0.3341195270929709
0.7,11J0A05FF97G,0,2023-10-06,,,False,0.3341195270929709
0.7,1270A0J1FVKG,3,2023-12-22,,,False,0.3630029231485883
0.7,1270A0JSFVKG,4,2023-10-23,,,False,0.3348234870593261
0.7,1270A17RFVKG,4,2023-12-28,,,False,0.3348234870593261
0.7,1280A03BFVKG,3,2023-11-07,,,False,0.3392101623784625
0.7,1290A08EFVKG,2,2023-11-05,,,False,0.34245999409712896
0.7,1290A0TVFVKG,1,2023-11-06,,,False,0.37098527147387156
0.7,12C0A041FVKG,3,2023-10-22,,,False,0.4403594624238873
0.7,13R0A07LFVKG,3,2023-12-20,,,False,0.3385182318271604
0.7,17OYTGKWT,1,2023-12-12,2023-11-18,24.0,True,0.9933139986596169
0.7,17OYTGL6T,3,2023-11-17,2023-10-07,41.0,True,0.9888396847706427
0.7,2003261EDB73,1,2023-11-29,,,False,0.34704210934105184
0.7,20H0A087F97G,3,2023-11-10,,,False,0.3635744420727479
0.7,20H0A13FF97G,0,2023-10-30,,,False,0.3341195270929709
0.7,20W0A0RGF97G,4,2023-12-20,,,False,0.5233392404606398
0.7,22321A803710,4,2023-10-07,,,False,0.3348234870593261
0.7,22331T804912,0,2023-10-05,,,False,0.3341195270929709
0.7,2AGH35LY,3,2023-11-09,2023-10-01,39.0,True,0.999936244254838
0.7,2AGLY65Y,3,2023-11-20,,,False,0.4408161948887267
0.7,2AGMK1TY,3,2023-10-14,,,False,0.4140485732060822
0.7,2AGMLUAY,1,2023-10-24,,,False,0.6019479373102078
0.7,2AGMLZUY,3,2023-12-12,2023-12-10,2.0,True,0.7115450413117544
0.7,2AGMND3Y,2,2023-11-08,2023-10-11,28.0,True,0.9139647175238116
0.7,2AGMNGUY,0,2023-10-26,,,False,0.31438428446962924
0.7,2AGMUVEY,1,2023-11-24,2023-11-24,0.0,True,0.7628158838444851
0.7,2AGN7XWY,4,2023-11-10,,,False,0.3348234870593261
0.7,2AGNKB9Y,1,2023-11-29,,,False,0.34704210934105184
0.7,2AGPPLLY,4,2023-11-29,2023-10-06,54.0,True,0.9974365881919899
0.7,2BJBGNDN,0,2023-11-17,,,False,0.3341195270929709
0.7,2BK9LUJR,4,2023-11-07,,,False,0.3348234870593261
0.7,2BKY735T,1,2023-12-14,2023-12-11,3.0,True,0.7375204972074509
0.7,2CGRWHSN,2,2023-10-10,,,False,0.34245999409712896
0.7,2PH3PV1N,3,2023-10-15,2023-10-15,0.0,True,0.9999999998408156
0.7,3070A0ANF97G,1,2023-10-26,,,False,0.34704210934105184
0.7,40M0A0D1F97G,0,2023-10-13,,,False,0.3341195270929709
0.7,40W0A02GF97G,4,2023-11-26,,,False,0.6536005098206936
0.7,40X0A0EFF97G,1,2023-12-21,,,False,0.38142855388771224
0.7,43E0A015FVKG,0,2023-11-01,,,False,0.3341195270929709
0.7,45CHK11VFMYB,4,2023-10-12,,,False,0.3348234870593261
0.7,5090A10SF97G,3,2023-12-15,,,False,0.3882192073295394
0.7,5120A01HF97G,3,2023-12-04,,,False,0.3385182318271604
0.7,51Q0A0APFVGG,3,2023-12-19,2023-12-15,4.0,True,0.9577223220970268
0.7,51R0A3RVFVGG,4,2023-11-30,,,False,0.3644611506902172
0.7,51T0A0MKFVGG,4,2023-12-23,,,False,0.3348234870593261
0.7,52U0A09AFVKG,1,2023-10-18,,,False,0.34704210934105184
0.7,5PH9D1ED,2,2023-10-11,,,False,0.466014682374427
0.7,5PHKJLUF,1,2023-12-20,2023-12-19,1.0,True,0.7649065570141191
0.7,5PHKUTVD,4,2023-12-18,,,False,0.5299439307163015
0.7,5PHKW01D,0,2023-11-02,,,False,0.40398940013808154
0.7,5PHKWYED,0,2023-11-15,,,False,0.3341195270929709
0.7,5PHPEN2D,3,2023-11-30,,,False,0.42171160835809857
0.7,5PHPLEGD,0,2023-10-11,,,False,0.552565099988144
0.7,5PHRR7RD,3,2023-10-09,,,False,0.36400333405319485
0.7,5PJ7H9RD,0,2023-11-26,2023-11-19,7.0,True,1.0
0.7,5PJAAGLD,4,2023-12-03,,,False,0.5902657330850086
0.7,5PJATL0F,4,2023-12-11,,,False,0.3348234870593261
0.7,5QKVJ8UB,1,2023-12-01,,,False,0.34704210934105184
0.7,6120A00EF97G,2,2023-11-06,,,False,0.372080704755176
0.7,6210A02XFVKG,1,2023-10-02,,,False,0.37098527147387156
0.7,6210A08MFVKG,3,2023-10-12,,,False,0.3630029231485883
0.7,6210A0LVFVKG,2,2023-11-27,2023-11-11,16.0,True,1.0
0.7,6240A2WDFVKG,1,2023-11-09,2023-10-02,38.0,True,0.8775884039015741
0.7,6250A01BFVKG,0,2023-11-19,,,False,0.3341195270929709
0.7,6250A02TFVKG,4,2023-11-18,2023-11-07,11.0,True,0.9768181766871046
0.7,6250A0ZEFVKG,1,2023-11-14,,,False,0.6269840412119378
0.7,6250A158FVKG,1,2023-11-16,,,False,0.37098527147387156
0.7,6250A1HZFVKG,0,2023-10-15,2023-10-15,0.0,True,0.9624433928845927
0.7,6260A025FVKG,1,2023-12-24,,,False,0.5566198615748282
0.7,6260A0BJFVKG,3,2023-10-27,,,False,0.3392101623784625
0.7,6280A020FVKG,0,2023-11-10,,,False,0.3341195270929709
0.7,6280A0JSFVKG,1,2023-12-20,,,False,0.44626588616368035
0.7,6290A02VFVKG,2,2023-10-22,,,False,0.372080704755176
0.7,62A0A022FVKG,2,2023-11-04,,,False,0.49822468028169364
0.7,7030A0CTF97G,2,2023-12-08,,,False,0.34245999409712896
0.7,70E0A13VF97G,0,2023-10-19,,,False,0.3341195270929709
0.7,70P0A0DJFV8G,4,2023-12-21,,,False,0.3348234870593261
0.7,72V0A004F97G,2,2023-12-03,2023-11-16,17.0,True,0.9807238071103554
0.7,78B0A04EF97G,1,2023-10-09,,,False,0.34716580956780807
0.7,78P0A00RF97G,3,2023-10-16,,,False,0.3385182318271604
0.7,7LZ029TG,4,2023-10-05,,,False,0.3348234870593261
0.7,7QT02S4X,4,2023-10-15,,,False,0.3348234870593261
0.7,8160A23UFVKG,2,2023-10-27,,,False,0.34245999409712896
0.7,8180A0XHFVKG,2,2023-10-17,2023-10-14,3.0,True,1.0
0.7,8180A0Z7FVKG,3,2023-11-06,,,False,0.6515003301382127
0.7,81W0A0E3FV8G,2,2023-12-21,2023-12-21,0.0,True,0.993918728612458
0.7,8250A049FVKG,3,2023-10-08,,,False,0.3385182318271604
0.7,8280A02JFVKG,2,2023-11-14,,,False,0.372080704755176
0.7,88Q0A0LYF97G,2,2023-11-01,,,False,0.40269438151178694
0.7,88T0A035F97G,1,2023-12-09,,,False,0.37124005744035704
0.7,8CGJEK9G,1,2023-11-02,2023-10-02,31.0,True,1.0
0.7,8CGJUALG,2,2023-11-02,2023-10-01,32.0,True,1.0
0.7,8CGJUH6G,4,2023-11-14,,,False,0.3348234870593261
0.7,8CGL3KYG,0,2023-10-23,2023-10-02,21.0,True,1.0
0.7,8CGLBLKG,2,2023-12-22,2023-10-03,80.0,True,1.0
0.7,8CH384ME,0,2023-12-03,,,False,0.6859858377540735
0.7,8DHBDYLH,3,2023-11-22,2023-10-01,52.0,True,0.9999999999418916
0.7,8DHVL1XH,1,2023-12-15,2023-10-07,69.0,True,0.9893992970639559
0.7,8HGNSXXH,3,2023-11-28,,,False,0.5474809623840466
0.7,8HGZRBWH,0,2023-12-18,2023-10-03,76.0,True,0.847111847402676
0.7,8HH45UGH,0,2023-12-18,2023-11-27,21.0,True,0.948536323886136
0.7,8HH9EZNH,2,2023-12-14,2023-10-04,71.0,True,0.9999991267235814
0.7,8HJRRMBH,1,2023-10-08,,,False,0.6485703026050862
0.7,8HK2NBJH,3,2023-12-10,,,False,0.4140485732060822
0.7,8HK2TJHH,1,2023-12-02,2023-10-05,58.0,True,0.9673210088786051
0.7,8HK7Y28H,0,2023-11-02,2023-10-03,30.0,True,0.9994207675987947
0.7,8HKTH2SH,4,2023-11-27,2023-11-27,0.0,True,0.8020052582350284
0.7,8HKXE65H,0,2023-10-18,,,False,0.3341195270929709
0.7,92A0A06MFVKG,1,2023-12-05,,,False,0.34716580956780807
0.7,92J0A07XFVKG,0,2023-12-11,,,False,0.3341195270929709
0.7,92M0A06GFVKG,3,2023-11-06,,,False,0.3385182318271604
0.7,AAG1LLJH,2,2023-11-26,2023-11-01,25.0,True,0.920183796079607
0.7,AAG26NBH,1,2023-10-19,2023-10-05,14.0,True,0.8750055160724175
0.7,AAG26PSH,2,2023-12-02,,,False,0.3776154047199285
0.7,AAG2HK2H,1,2023-12-08,2023-10-02,67.0,True,0.9995262909944399
0.7,AAG61KSH,3,2023-12-16,2023-10-21,56.0,True,0.9823175566646194
0.7,AAG61VBH,0,2023-10-19,,,False,0.33423620141275423
0.7,AAG63WDH,4,2023-12-06,2023-11-01,35.0,True,0.9999999986704944
0.7,AAG63XMH,4,2023-10-01,2023-10-01,0.0,True,0.7575126707453537
0.7,AAG67TXH,3,2023-10-24,2023-10-20,4.0,True,0.9988758421409916
0.7,AAG6GHPH,0,2023-12-07,,,False,0.5973652385849929
0.7,AAG6J3VH,4,2023-11-30,,,False,0.5565828445941416
0.7,AAG6NPYH,1,2023-12-07,,,False,0.43883156729947964
0.7,AAG6TG3H,4,2023-10-01,,,False,0.3348234870593261
0.7,AAG6USGH,4,2023-11-10,,,False,0.36441978252571866
0.7,AAG6VLMH,1,2023-11-18,2023-11-11,7.0,True,0.9462748709894383
0.7,AAG6Y8ZH,2,2023-10-05,2023-10-01,4.0,True,0.9999991295803785
0.7,AAGP140H,1,2023-11-29,2023-11-05,24.0,True,0.7861917379610834
0.7,AAHKXKUH,3,2023-10-11,,,False,0.3882192073295394
0.7,AAHLBWSH,3,2023-12-11,2023-11-27,14.0,True,0.8409929809192325
0.7,AAHLDXHH,3,2023-10-14,,,False,0.3882192073295394
0.7,AAHMX1BH,3,2023-10-02,2023-10-02,0.0,True,0.9411617378337376
0.7,PL1331LAHEAVHH,3,2023-11-17,,,False,0.3385182318271604
0.7,PL2331LAH3ABZJ,0,2023-11-07,,,False,0.6434655560098617
0.7,PL2331LAH43B4J,0,2023-11-26,,,False,0.3341195270929709
0.7,QGK97X5T,0,2023-10-10,2023-10-01,9.0,True,0.8475188817502382
0.7,S2ZYJ9GGB01081,3,2023-11-17,,,False,0.6975798159827898
0.7,S300Z7LH,0,2023-11-04,2023-10-01,34.0,True,0.9999999999999998
0.7,S301GQAL,2,2023-12-11,2023-10-02,70.0,True,1.0
0.7,S301K4FX,0,2023-11-30,2023-10-03,58.0,True,0.9911129784101749
0.7,VKGKWERX,4,2023-11-13,,,False,0.3348234870593261
0.7,VKH173MX,2,2023-11-30,,,False,0.34245999409712896
0.7,VKH99RYX,3,2023-11-02,2023-10-05,28.0,True,0.8186766686604373
0.7,WD-WXQ1AA541HX5,1,2023-11-17,,,False,0.6952908376720542
0.7,X050A003F97G,4,2023-12-20,,,False,0.3644611506902172
0.7,X880A0EMF97G,3,2023-12-02,,,False,0.3630029231485883
0.7,X880A0JCF97G,0,2023-10-16,,,False,0.33423620141275423
0.7,X8E0A010F97G,0,2023-11-12,,,False,0.3341195270929709
0.7,X8E0A025F97G,3,2023-11-26,,,False,0.38909980963895946
0.7,X8F0A08CF97G,0,2023-10-02,,,False,0.42572000871857685
0.7,X8G0A07BF97G,0,2023-11-20,,,False,0.4038631472120465
0.7,Y230A003FVKG,3,2023-12-05,,,False,0.4140485732060822
0.7,Y8S0A00MF97G,0,2023-12-07,,,False,0.36830325434611627
0.7,Z1A0A01BFVKG,4,2023-12-14,,,False,0.5241125605076213
0.7,Z1G0A015FVKG,1,2023-11-14,,,False,0.395579563505369
0.7,Z303H7WP,2,2023-11-21,2023-10-02,50.0,True,0.9530999007354972
0.7,Z303QQH9,1,2023-11-25,2023-10-05,51.0,True,1.0
0.7,Z303XYWQ,4,2023-11-11,2023-10-06,36.0,True,0.999995284643401
0.7,Z304GE9A,2,2023-10-18,,,False,0.34245999409712896
0.7,Z304H4LE,1,2023-10-18,2023-10-04,14.0,True,1.0
0.7,Z304HWWL,2,2023-11-14,2023-11-14,0.0,True,0.9999971904998727
0.7,Z304JW45,0,2023-10-23,2023-10-21,2.0,True,1.0
0.7,Z304K68J,4,2023-10-15,,,False,0.3348234870593261
0.7,Z304K6DN,4,2023-10-31,,,False,0.5878992728743744
0.7,Z304L95Y,0,2023-10-20,2023-10-18,2.0,True,1.0
0.7,Z304Z4W1,4,2023-10-19,,,False,0.5902225373990911
0.7,Z3058T9M,3,2023-11-27,,,False,0.3385182318271604
0.7,Z305D34N,2,2023-10-19,2023-10-05,14.0,True,1.0
0.7,Z305D3EF,0,2023-11-22,2023-11-20,2.0,True,1.0
0.7,Z305D60D,3,2023-10-20,2023-10-11,9.0,True,1.0
0.7,Z305D63V,3,2023-11-01,2023-11-01,0.0,True,1.0
0.7,Z305DJ0W,4,2023-10-28,,,False,0.589061401720248
0.7,Z305DJ3A,1,2023-10-20,2023-10-07,13.0,True,1.0
0.7,Z305EWC4,3,2023-12-18,2023-10-01,78.0,True,0.9999998901117325
0.7,Z305KB2K,1,2023-12-14,,,False,0.34704210934105184
0.7,Z305LMY1,2,2023-10-12,2023-10-04,8.0,True,0.9999997580209997
0.7,Z305PJLH,1,2023-10-16,2023-10-02,14.0,True,1.0
0.7,Z305Q06E,3,2023-11-24,2023-11-02,22.0,True,1.0
0.7,Z7KDT7N5T,0,2023-11-10,,,False,0.6251012036499343
0.7,ZA11G804,4,2023-12-03,,,False,0.6477639459050193
0.7,ZA11JA0Y,2,2023-10-21,2023-10-03,18.0,True,1.0
0.7,ZA12A7Q2,0,2023-10-02,2023-10-02,0.0,True,0.9920514403182836
0.7,ZA12KEHB,2,2023-11-30,2023-11-15,15.0,True,0.9999999999999722
0.7,ZA12NYP5,1,2023-11-30,2023-10-23,38.0,True,0.99999999999917
0.7,ZA12X5D7,1,2023-10-12,2023-10-02,10.0,True,0.9999984049374908
0.7,ZA13GZC5,4,2023-10-11,2023-10-08,3.0,True,1.0
0.7,ZA13QZS7,3,2023-12-19,2023-10-01,79.0,True,0.9984754660329381
0.7,ZA13R3JX,1,2023-12-09,2023-12-07,2.0,True,0.9438232280626492
0.7,ZA13YPC8,1,2023-10-27,,,False,0.3590095235206041
0.7,ZA13YPM7,3,2023-10-14,,,False,0.35985020105598314
0.7,ZA13ZBCR,4,2023-10-15,2023-10-06,9.0,True,0.9999985390110036
0.7,ZA14F16Y,4,2023-10-11,2023-10-01,10.0,True,0.9999999999999405
0.7,ZA16DSXY,3,2023-11-06,2023-10-02,35.0,True,0.9999999998385609
0.7,ZA16DVXM,4,2023-10-04,,,False,0.3499484375928782
0.7,ZA1809YW,2,2023-10-19,2023-10-02,17.0,True,0.9999995803753448
0.7,ZA180QZR,1,2023-10-27,,,False,0.47641447745917104
0.7,ZA180SK8,4,2023-10-04,2023-10-04,0.0,True,0.9999999997972322
0.7,ZA180XCW,4,2023-10-11,2023-10-11,0.0,True,0.9999999999998654
0.7,ZA1818T0,3,2023-10-02,2023-10-02,0.0,True,0.9999999940700106
0.7,ZA1819AM,2,2023-10-10,2023-10-03,7.0,True,0.8597703351403465
0.7,ZA1819F5,2,2023-11-09,2023-11-09,0.0,True,0.9999198938598884
0.7,ZA1819GV,0,2023-11-05,2023-11-05,0.0,True,0.8629439959873848
0.7,ZA18AAWQ,0,2023-11-19,2023-10-13,37.0,True,0.9999133168656686
0.7,ZA18BM1C,1,2023-11-26,2023-10-04,53.0,True,0.9999999999999938
0.7,ZA18BTD8,4,2023-12-07,2023-11-01,36.0,True,0.9999999999827902
0.7,ZA20Z047,0,2023-12-01,2023-12-01,0.0,True,1.0
0.7,ZA21A5Y7,3,2023-11-26,2023-10-02,55.0,True,0.9935630629252818
0.7,ZA21BZ0T,2,2023-12-08,2023-10-21,48.0,True,1.0
0.7,ZA21C0JJ,1,2023-12-22,2023-10-02,81.0,True,1.0
0.7,ZA21E17R,3,2023-10-19,2023-10-06,13.0,True,0.9999996216214433
0.7,ZCH0GBE8,2,2023-12-06,,,False,0.3518564379363282
0.7,ZDEB331Z,4,2023-10-29,,,False,0.3348234870593261
0.7,ZDEB33CV,2,2023-11-25,,,False,0.34245999409712896
0.7,ZHZ0Z125,0,2023-10-19,,,False,0.3341195270929709
0.7,ZHZ2KWN2,0,2023-12-20,,,False,0.34257128053707686
0.7,ZHZ32Z2A,4,2023-11-26,2023-10-01,56.0,True,1.0
0.7,ZHZ394VJ,2,2023-11-03,2023-10-17,17.0,True,0.9999999802691226
0.7,ZHZ3DWLK,1,2023-11-01,,,False,0.34704210934105184
0.7,ZHZ3HR6L,0,2023-11-16,2023-11-01,15.0,True,1.0
0.7,ZHZ3L8C1,1,2023-11-29,2023-10-02,58.0,True,0.9998236528199608
0.7,ZHZ3LXTG,2,2023-11-13,2023-10-04,40.0,True,1.0
0.7,ZHZ3MA7D,1,2023-10-10,2023-10-01,9.0,True,1.0
0.7,ZHZ3MGLV,3,2023-11-21,2023-11-12,9.0,True,1.0
0.7,ZHZ3MT6Z,4,2023-11-03,,,False,0.35432752015645197
0.7,ZHZ3N6KC,3,2023-11-07,,,False,0.3385182318271604
0.7,ZHZ3PTNR,0,2023-10-05,,,False,0.3341195270929709
0.7,ZHZ3QCC7,2,2023-12-06,2023-10-03,64.0,True,0.9999357616841532
0.7,ZHZ3RK71,4,2023-11-26,2023-10-30,27.0,True,1.0
0.7,ZHZ3SR7F,4,2023-11-30,2023-10-02,59.0,True,1.0
0.7,ZHZ3V4NN,1,2023-10-15,2023-10-02,13.0,True,1.0
0.7,ZHZ42CC1,2,2023-11-22,2023-10-03,50.0,True,1.0
0.7,ZHZ45VMA,4,2023-11-12,,,False,0.3348234870593261
0.7,ZHZ4GAX2,2,2023-11-16,,,False,0.34245999409712896
0.7,ZHZ4L0PB,1,2023-11-16,2023-10-26,21.0,True,0.9235405250236691
0.7,ZHZ4LM9D,3,2023-12-10,,,False,0.3418457491195624
0.7,ZHZ4V42G,2,2023-11-17,,,False,0.3709915518455691
0.7,ZHZ4WMSE,4,2023-12-23,2023-11-25,28.0,True,0.9999878154429882
0.7,ZHZ4XHXD,4,2023-10-20,,,False,0.3391120373309228
0.7,ZHZ4XNLB,3,2023-10-02,2023-10-02,0.0,True,0.999995050873643
0.7,ZHZ4Y6GT,0,2023-11-29,,,False,0.5132218223937204
0.7,ZHZ4Y9TX,1,2023-10-06,,,False,0.39906487576293287
0.7,ZHZ50LQL,0,2023-11-17,,,False,0.3359887455017787
0.7,ZHZ50LTQ,4,2023-11-06,,,False,0.3348234870593261
0.7,ZHZ50QXV,4,2023-10-11,,,False,0.41908283226934795
0.7,ZHZ50R8C,3,2023-11-06,,,False,0.3385182318271604
0.7,ZHZ50RD2,3,2023-11-27,2023-11-21,6.0,True,1.0
0.7,ZHZ50X1F,2,2023-12-16,2023-10-03,74.0,True,0.999999998388313
0.7,ZHZ50X7P,3,2023-10-16,,,False,0.6426176524315333
0.7,ZHZ50XCD,3,2023-11-29,,,False,0.4427266115989338
0.7,ZHZ50XCW,1,2023-11-29,2023-11-27,2.0,True,0.7660940784068807
0.7,ZHZ513PZ,0,2023-11-22,2023-11-09,13.0,True,1.0
0.7,ZHZ61HKN,1,2023-11-01,2023-10-05,27.0,True,1.0
0.7,ZHZ62E5L,3,2023-11-08,,,False,0.33962565067107514
0.7,ZHZ62N7S,4,2023-10-24,2023-10-01,23.0,True,1.0
0.7,ZHZ62PG6,2,2023-10-30,2023-10-01,29.0,True,1.0
0.7,ZHZ62PMQ,4,2023-12-13,,,False,0.3380373875431902
0.7,ZHZ62Q5Y,3,2023-10-12,2023-10-07,5.0,True,0.8701957808775349
0.7,ZHZ631G9,0,2023-11-26,2023-11-26,0.0,True,0.7229245063030953
0.7,ZHZ631MX,2,2023-11-26,,,False,0.34245999409712896
0.7,ZHZ636KT,3,2023-10-12,2023-10-03,9.0,True,0.9988728625679459
0.7,ZHZ63CS2,2,2023-11-11,2023-11-11,0.0,True,0.9485030786762554
0.7,ZHZ63EE5,0,2023-10-03,2023-10-01,2.0,True,0.998220623722586
0.7,ZHZ666DD,0,2023-11-09,,,False,0.3341195270929709
0.7,ZHZ666X5,1,2023-10-18,,,False,0.4340709511383322
0.7,ZHZ6691P,3,2023-11-20,2023-11-15,5.0,True,0.9328348675631516
0.7,ZJV3BAMC,3,2023-10-28,2023-10-04,24.0,True,0.9999999999997466
0.7,ZJV3BARY,3,2023-11-18,2023-11-18,0.0,True,0.9999999996046429
0.7,ZJV3C85P,4,2023-12-12,2023-10-01,72.0,True,0.9999941551478637
0.7,ZJV4SYBE,3,2023-12-21,2023-10-13,69.0,True,0.9999999992775386
0.7,ZL004R1P,1,2023-12-08,2023-12-08,0.0,True,1.0
0.7,ZL004VWE,4,2023-11-29,,,False,0.3348234870593261
0.7,ZL005280,4,2023-11-22,2023-11-22,0.0,True,0.9999998958377179
0.7,ZL00563L,0,2023-12-10,,,False,0.3341195270929709
0.7,ZL005664,3,2023-12-15,,,False,0.3385182318271604
0.7,ZL005C2D,3,2023-12-16,2023-10-09,68.0,True,0.98753143079418
0.7,ZL005CTJ,4,2023-10-19,2023-10-19,0.0,True,0.9200892460776269
0.7,ZL005E1T,0,2023-12-22,2023-12-12,10.0,True,0.9999999860277198
0.7,ZL005E6W,3,2023-11-21,,,False,0.3385182318271604
0.7,ZL22YRSD,0,2023-12-13,2023-11-23,20.0,True,1.0
0.7,ZL22ZHJF,2,2023-10-10,,,False,0.3476655500975009
0.7,ZL22ZHJX,3,2023-10-02,,,False,0.3496703280254837
0.7,ZL22ZX5C,2,2023-11-23,,,False,0.6385322468824162
0.7,ZL232KSM,1,2023-11-30,2023-10-01,60.0,True,1.0
0.7,ZL23X28N,4,2023-10-26,2023-10-03,23.0,True,0.809969398260368
0.7,ZL23XZV8,3,2023-10-20,2023-10-03,17.0,True,1.0
0.7,ZL2991XX,2,2023-12-18,2023-12-13,5.0,True,0.9999859881917447
0.7,ZL2DGZB4,1,2023-10-06,2023-10-02,4.0,True,0.9999999998529367
0.7,ZL2KAANL,4,2023-10-14,,,False,0.3348234870593261
0.7,ZL2LA2XJ,2,2023-10-16,,,False,0.34245999409712896
0.7,ZL2LGEMP,0,2023-10-19,2023-10-12,7.0,True,0.9980776043686239
0.7,ZL2LGQ1N,4,2023-11-10,2023-10-04,37.0,True,0.9998244131099189
0.7,ZL2LTEFX,4,2023-11-30,2023-10-09,52.0,True,1.0
0.7,ZL2LTQNY,3,2023-10-19,,,False,0.3385182318271604
0.7,ZL2NFYC7,4,2023-10-12,,,False,0.3348234870593261
0.7,ZL2NFYM9,1,2023-10-31,,,False,0.34704210934105184
0.7,ZL2NG09E,1,2023-11-06,2023-10-10,27.0,True,0.9999999999001057
0.7,ZLW0CTCW,2,2023-10-12,,,False,0.34245999409712896
0.7,ZLW0DVNZ,1,2023-11-06,2023-10-11,26.0,True,0.9680267104609315
0.7,ZLW0EGZ3,4,2023-11-20,,,False,0.3348234870593261
0.7,ZLW0GGAE,3,2023-10-10,,,False,0.3852556084618057
0.7,ZLW0GJW3,1,2023-10-10,,,False,0.34704210934105184
0.7,ZLW0H3EF,3,2023-12-13,,,False,0.340734826169684
0.7,ZLW0H3EY,2,2023-10-20,,,False,0.34245999409712896
0.7,ZLW0H3H6,1,2023-10-07,,,False,0.34704210934105184
0.7,ZLW0HCHQ,2,2023-11-09,,,False,0.3445377537074401
0.7,ZLW0HCL0,3,2023-10-12,2023-10-11,1.0,True,0.9999998901117325
0.7,ZLW0WFKM,1,2023-11-09,,,False,0.34803228835051403
0.7,ZLW15TEZ,4,2023-11-26,2023-10-09,48.0,True,1.0
0.7,ZLW17QM9,0,2023-11-02,2023-10-02,31.0,True,0.9999505892014642
0.7,ZLW17S10,3,2023-10-10,2023-10-07,3.0,True,1.0
0.7,ZLW17SQ7,0,2023-10-10,2023-10-01,9.0,True,1.0
0.7,ZLW18E5F,3,2023-12-07,,,False,0.3713105765262549
0.7,ZLW18EF5,3,2023-12-08,2023-10-05,64.0,True,0.9999997310815539
0.7,ZLW18EFS,2,2023-11-22,2023-10-10,43.0,True,1.0
0.7,ZLW18EHG,4,2023-12-22,2023-10-04,79.0,True,1.0
0.7,ZLW18EKC,3,2023-11-17,2023-10-03,45.0,True,1.0
0.7,ZLW18ML2,3,2023-10-29,2023-10-03,26.0,True,1.0
0.7,ZLW18TKK,4,2023-11-19,2023-10-24,26.0,True,0.999999994963475
0.7,ZLW18TT4,0,2023-11-09,2023-11-09,0.0,True,1.0
0.7,ZTM061J9,1,2023-10-25,2023-10-13,12.0,True,1.0
0.7,ZTM086QH,0,2023-11-12,2023-11-06,6.0,True,1.0
0.75,1090A01EF9RG,1,2023-12-23,,,False,0.34704210934105184
0.75,10B0A0U8F97G,3,2023-11-21,,,False,0.38909980963895946
0.75,10K0A0M7F97G,0,2023-11-07,,,False,0.30158726606591085
0.75,11C0A012F97G,0,2023-11-30,,,False,0.3341195270929709
0.75,11J0A05FF97G,0,2023-10-06,,,False,0.3341195270929709
0.75,1270A0J1FVKG,3,2023-12-22,,,False,0.3630029231485883
0.75,1270A0JSFVKG,4,2023-10-23,,,False,0.3348234870593261
0.75,1270A17RFVKG,4,2023-12-28,,,False,0.3348234870593261
0.75,1280A03BFVKG,3,2023-11-07,,,False,0.3392101623784625
0.75,1290A08EFVKG,2,2023-11-05,,,False,0.34245999409712896
0.75,1290A0TVFVKG,1,2023-11-06,,,False,0.37098527147387156
0.75,12C0A041FVKG,3,2023-10-22,,,False,0.4403594624238873
0.75,13R0A07LFVKG,3,2023-12-20,,,False,0.3385182318271604
0.75,17OYTGKWT,1,2023-12-12,2023-11-18,24.0,True,0.9933139986596169
0.75,17OYTGL6T,3,2023-11-17,2023-10-07,41.0,True,0.9888396847706427
0.75,2003261EDB73,1,2023-11-29,,,False,0.34704210934105184
0.75,20H0A087F97G,3,2023-11-10,,,False,0.3635744420727479
0.75,20H0A13FF97G,0,2023-10-30,,,False,0.3341195270929709
0.75,20W0A0RGF97G,4,2023-12-20,,,False,0.5233392404606398
0.75,22321A803710,4,2023-10-07,,,False,0.3348234870593261
0.75,22331T804912,0,2023-10-05,,,False,0.3341195270929709
0.75,2AGH35LY,3,2023-11-09,2023-10-01,39.0,True,0.999936244254838
0.75,2AGLY65Y,3,2023-11-20,,,False,0.4408161948887267
0.75,2AGMK1TY,3,2023-10-14,,,False,0.4140485732060822
0.75,2AGMLUAY,1,2023-10-24,,,False,0.6019479373102078
0.75,2AGMLZUY,3,2023-12-12,,,False,0.7115450413117544
0.75,2AGMND3Y,2,2023-11-08,2023-10-11,28.0,True,0.9139647175238116
0.75,2AGMNGUY,0,2023-10-26,,,False,0.31438428446962924
0.75,2AGMUVEY,1,2023-11-24,2023-11-24,0.0,True,0.7628158838444851
0.75,2AGN7XWY,4,2023-11-10,,,False,0.3348234870593261
0.75,2AGNKB9Y,1,2023-11-29,,,False,0.34704210934105184
0.75,2AGPPLLY,4,2023-11-29,2023-10-06,54.0,True,0.9974365881919899
0.75,2BJBGNDN,0,2023-11-17,,,False,0.3341195270929709
0.75,2BK9LUJR,4,2023-11-07,,,False,0.3348234870593261
0.75,2BKY735T,1,2023-12-14,,,False,0.7375204972074509
0.75,2CGRWHSN,2,2023-10-10,,,False,0.34245999409712896
0.75,2PH3PV1N,3,2023-10-15,2023-10-15,0.0,True,0.9999999998408156
0.75,3070A0ANF97G,1,2023-10-26,,,False,0.34704210934105184
0.75,40M0A0D1F97G,0,2023-10-13,,,False,0.3341195270929709
0.75,40W0A02GF97G,4,2023-11-26,,,False,0.6536005098206936
0.75,40X0A0EFF97G,1,2023-12-21,,,False,0.38142855388771224
0.75,43E0A015FVKG,0,2023-11-01,,,False,0.3341195270929709
0.75,45CHK11VFMYB,4,2023-10-12,,,False,0.3348234870593261
0.75,5090A10SF97G,3,2023-12-15,,,False,0.3882192073295394
0.75,5120A01HF97G,3,2023-12-04,,,False,0.3385182318271604
0.75,51Q0A0APFVGG,3,2023-12-19,2023-12-15,4.0,True,0.9577223220970268
0.75,51R0A3RVFVGG,4,2023-11-30,,,False,0.3644611506902172
0.75,51T0A0MKFVGG,4,2023-12-23,,,False,0.3348234870593261
0.75,52U0A09AFVKG,1,2023-10-18,,,False,0.34704210934105184
0.75,5PH9D1ED,2,2023-10-11,,,False,0.466014682374427
0.75,5PHKJLUF,1,2023-12-20,2023-12-19,1.0,True,0.7649065570141191
0.75,5PHKUTVD,4,2023-12-18,,,False,0.5299439307163015
0.75,5PHKW01D,0,2023-11-02,,,False,0.40398940013808154
0.75,5PHKWYED,0,2023-11-15,,,False,0.3341195270929709
0.75,5PHPEN2D,3,2023-11-30,,,False,0.42171160835809857
0.75,5PHPLEGD,0,2023-10-11,,,False,0.552565099988144
0.75,5PHRR7RD,3,2023-10-09,,,False,0.36400333405319485
0.75,5PJ7H9RD,0,2023-11-26,2023-11-19,7.0,True,1.0
0.75,5PJAAGLD,4,2023-12-03,,,False,0.5902657330850086
0.75,5PJATL0F,4,2023-12-11,,,False,0.3348234870593261
0.75,5QKVJ8UB,1,2023-12-01,,,False,0.34704210934105184
0.75,6120A00EF97G,2,2023-11-06,,,False,0.372080704755176
0.75,6210A02XFVKG,1,2023-10-02,,,False,0.37098527147387156
0.75,6210A08MFVKG,3,2023-10-12,,,False,0.3630029231485883
0.75,6210A0LVFVKG,2,2023-11-27,2023-11-11,16.0,True,1.0
0.75,6240A2WDFVKG,1,2023-11-09,2023-10-02,38.0,True,0.8775884039015741
0.75,6250A01BFVKG,0,2023-11-19,,,False,0.3341195270929709
0.75,6250A02TFVKG,4,2023-11-18,2023-11-07,11.0,True,0.9768181766871046
0.75,6250A0ZEFVKG,1,2023-11-14,,,False,0.6269840412119378
0.75,6250A158FVKG,1,2023-11-16,,,False,0.37098527147387156
0.75,6250A1HZFVKG,0,2023-10-15,2023-10-15,0.0,True,0.9624433928845927
0.75,6260A025FVKG,1,2023-12-24,,,False,0.5566198615748282
0.75,6260A0BJFVKG,3,2023-10-27,,,False,0.3392101623784625
0.75,6280A020FVKG,0,2023-11-10,,,False,0.3341195270929709
0.75,6280A0JSFVKG,1,2023-12-20,,,False,0.44626588616368035
0.75,6290A02VFVKG,2,2023-10-22,,,False,0.372080704755176
0.75,62A0A022FVKG,2,2023-11-04,,,False,0.49822468028169364
0.75,7030A0CTF97G,2,2023-12-08,,,False,0.34245999409712896
0.75,70E0A13VF97G,0,2023-10-19,,,False,0.3341195270929709
0.75,70P0A0DJFV8G,4,2023-12-21,,,False,0.3348234870593261
0.75,72V0A004F97G,2,2023-12-03,2023-11-16,17.0,True,0.9807238071103554
0.75,78B0A04EF97G,1,2023-10-09,,,False,0.34716580956780807
0.75,78P0A00RF97G,3,2023-10-16,,,False,0.3385182318271604
0.75,7LZ029TG,4,2023-10-05,,,False,0.3348234870593261
0.75,7QT02S4X,4,2023-10-15,,,False,0.3348234870593261
0.75,8160A23UFVKG,2,2023-10-27,,,False,0.34245999409712896
0.75,8180A0XHFVKG,2,2023-10-17,2023-10-14,3.0,True,1.0
0.75,8180A0Z7FVKG,3,2023-11-06,,,False,0.6515003301382127
0.75,81W0A0E3FV8G,2,2023-12-21,2023-12-21,0.0,True,0.993918728612458
0.75,8250A049FVKG,3,2023-10-08,,,False,0.3385182318271604
0.75,8280A02JFVKG,2,2023-11-14,,,False,0.372080704755176
0.75,88Q0A0LYF97G,2,2023-11-01,,,False,0.40269438151178694
0.75,88T0A035F97G,1,2023-12-09,,,False,0.37124005744035704
0.75,8CGJEK9G,1,2023-11-02,2023-10-02,31.0,True,1.0
0.75,8CGJUALG,2,2023-11-02,2023-10-01,32.0,True,1.0
0.75,8CGJUH6G,4,2023-11-14,,,False,0.3348234870593261
0.75,8CGL3KYG,0,2023-10-23,2023-10-02,21.0,True,1.0
0.75,8CGLBLKG,2,2023-12-22,2023-10-03,80.0,True,1.0
0.75,8CH384ME,0,2023-12-03,,,False,0.6859858377540735
0.75,8DHBDYLH,3,2023-11-22,2023-10-01,52.0,True,0.9999999999418916
0.75,8DHVL1XH,1,2023-12-15,2023-10-07,69.0,True,0.9893992970639559
0.75,8HGNSXXH,3,2023-11-28,,,False,0.5474809623840466
0.75,8HGZRBWH,0,2023-12-18,2023-10-03,76.0,True,0.847111847402676
0.75,8HH45UGH,0,2023-12-18,2023-11-27,21.0,True,0.948536323886136
0.75,8HH9EZNH,2,2023-12-14,2023-10-04,71.0,True,0.9999991267235814
0.75,8HJRRMBH,1,2023-10-08,,,False,0.6485703026050862
0.75,8HK2NBJH,3,2023-12-10,,,False,0.4140485732060822
0.75,8HK2TJHH,1,2023-12-02,2023-10-05,58.0,True,0.9673210088786051
0.75,8HK7Y28H,0,2023-11-02,2023-10-03,30.0,True,0.9994207675987947
0.75,8HKTH2SH,4,2023-11-27,2023-11-27,0.0,True,0.8020052582350284
0.75,8HKXE65H,0,2023-10-18,,,False,0.3341195270929709
0.75,92A0A06MFVKG,1,2023-12-05,,,False,0.34716580956780807
0.75,92J0A07XFVKG,0,2023-12-11,,,False,0.3341195270929709
0.75,92M0A06GFVKG,3,2023-11-06,,,False,0.3385182318271604
0.75,AAG1LLJH,2,2023-11-26,2023-11-08,18.0,True,0.920183796079607
0.75,AAG26NBH,1,2023-10-19,2023-10-05,14.0,True,0.8750055160724175
0.75,AAG26PSH,2,2023-12-02,,,False,0.3776154047199285
0.75,AAG2HK2H,1,2023-12-08,2023-10-02,67.0,True,0.9995262909944399
0.75,AAG61KSH,3,2023-12-16,2023-11-17,29.0,True,0.9823175566646194
0.75,AAG61VBH,0,2023-10-19,,,False,0.33423620141275423
0.75,AAG63WDH,4,2023-12-06,2023-11-16,20.0,True,0.9999999986704944
0.75,AAG63XMH,4,2023-10-01,2023-10-01,0.0,True,0.7575126707453537
0.75,AAG67TXH,3,2023-10-24,2023-10-20,4.0,True,0.9988758421409916
0.75,AAG6GHPH,0,2023-12-07,,,False,0.5973652385849929
0.75,AAG6J3VH,4,2023-11-30,,,False,0.5565828445941416
0.75,AAG6NPYH,1,2023-12-07,,,False,0.43883156729947964
0.75,AAG6TG3H,4,2023-10-01,,,False,0.3348234870593261
0.75,AAG6USGH,4,2023-11-10,,,False,0.36441978252571866
0.75,AAG6VLMH,1,2023-11-18,2023-11-11,7.0,True,0.9462748709894383
0.75,AAG6Y8ZH,2,2023-10-05,2023-10-01,4.0,True,0.9999991295803785
0.75,AAGP140H,1,2023-11-29,2023-11-05,24.0,True,0.7861917379610834
0.75,AAHKXKUH,3,2023-10-11,,,False,0.3882192073295394
0.75,AAHLBWSH,3,2023-12-11,2023-11-27,14.0,True,0.8409929809192325
0.75,AAHLDXHH,3,2023-10-14,,,False,0.3882192073295394
0.75,AAHMX1BH,3,2023-10-02,2023-10-02,0.0,True,0.9411617378337376
0.75,PL1331LAHEAVHH,3,2023-11-17,,,False,0.3385182318271604
0.75,PL2331LAH3ABZJ,0,2023-11-07,,,False,0.6434655560098617
0.75,PL2331LAH43B4J,0,2023-11-26,,,False,0.3341195270929709
0.75,QGK97X5T,0,2023-10-10,2023-10-01,9.0,True,0.8475188817502382
0.75,S2ZYJ9GGB01081,3,2023-11-17,,,False,0.6975798159827898
0.75,S300Z7LH,0,2023-11-04,2023-10-01,34.0,True,0.9999999999999998
0.75,S301GQAL,2,2023-12-11,2023-10-02,70.0,True,1.0
0.75,S301K4FX,0,2023-11-30,2023-10-03,58.0,True,0.9911129784101749
0.75,VKGKWERX,4,2023-11-13,,,False,0.3348234870593261
0.75,VKH173MX,2,2023-11-30,,,False,0.34245999409712896
0.75,VKH99RYX,3,2023-11-02,2023-10-05,28.0,True,0.8186766686604373
0.75,WD-WXQ1AA541HX5,1,2023-11-17,,,False,0.6952908376720542
0.75,X050A003F97G,4,2023-12-20,,,False,0.3644611506902172
0.75,X880A0EMF97G,3,2023-12-02,,,False,0.3630029231485883
0.75,X880A0JCF97G,0,2023-10-16,,,False,0.33423620141275423
0.75,X8E0A010F97G,0,2023-11-12,,,False,0.3341195270929709
0.75,X8E0A025F97G,3,2023-11-26,,,False,0.38909980963895946
0.75,X8F0A08CF97G,0,2023-10-02,,,False,0.42572000871857685
0.75,X8G0A07BF97G,0,2023-11-20,,,False,0.4038631472120465
0.75,Y230A003FVKG,3,2023-12-05,,,False,0.4140485732060822
0.75,Y8S0A00MF97G,0,2023-12-07,,,False,0.36830325434611627
0.75,Z1A0A01BFVKG,4,2023-12-14,,,False,0.5241125605076213
0.75,Z1G0A015FVKG,1,2023-11-14,,,False,0.395579563505369
0.75,Z303H7WP,2,2023-11-21,2023-10-02,50.0,True,0.9530999007354972
0.75,Z303QQH9,1,2023-11-25,2023-10-05,51.0,True,1.0
0.75,Z303XYWQ,4,2023-11-11,2023-10-06,36.0,True,0.999995284643401
0.75,Z304GE9A,2,2023-10-18,,,False,0.34245999409712896
0.75,Z304H4LE,1,2023-10-18,2023-10-04,14.0,True,1.0
0.75,Z304HWWL,2,2023-11-14,2023-11-14,0.0,True,0.9999971904998727
0.75,Z304JW45,0,2023-10-23,2023-10-21,2.0,True,1.0
0.75,Z304K68J,4,2023-10-15,,,False,0.3348234870593261
0.75,Z304K6DN,4,2023-10-31,,,False,0.5878992728743744
0.75,Z304L95Y,0,2023-10-20,2023-10-18,2.0,True,1.0
0.75,Z304Z4W1,4,2023-10-19,,,False,0.5902225373990911
0.75,Z3058T9M,3,2023-11-27,,,False,0.3385182318271604
0.75,Z305D34N,2,2023-10-19,2023-10-05,14.0,True,1.0
0.75,Z305D3EF,0,2023-11-22,2023-11-20,2.0,True,1.0
0.75,Z305D60D,3,2023-10-20,2023-10-11,9.0,True,1.0
0.75,Z305D63V,3,2023-11-01,2023-11-01,0.0,True,1.0
0.75,Z305DJ0W,4,2023-10-28,,,False,0.589061401720248
0.75,Z305DJ3A,1,2023-10-20,2023-10-07,13.0,True,1.0
0.75,Z305EWC4,3,2023-12-18,2023-10-01,78.0,True,0.9999998901117325
0.75,Z305KB2K,1,2023-12-14,,,False,0.34704210934105184
0.75,Z305LMY1,2,2023-10-12,2023-10-04,8.0,True,0.9999997580209997
0.75,Z305PJLH,1,2023-10-16,2023-10-02,14.0,True,1.0
0.75,Z305Q06E,3,2023-11-24,2023-11-02,22.0,True,1.0
0.75,Z7KDT7N5T,0,2023-11-10,,,False,0.6251012036499343
0.75,ZA11G804,4,2023-12-03,,,False,0.6477639459050193
0.75,ZA11JA0Y,2,2023-10-21,2023-10-03,18.0,True,1.0
0.75,ZA12A7Q2,0,2023-10-02,2023-10-02,0.0,True,0.9920514403182836
0.75,ZA12KEHB,2,2023-11-30,2023-11-15,15.0,True,0.9999999999999722
0.75,ZA12NYP5,1,2023-11-30,2023-10-23,38.0,True,0.99999999999917
0.75,ZA12X5D7,1,2023-10-12,2023-10-02,10.0,True,0.9999984049374908
0.75,ZA13GZC5,4,2023-10-11,2023-10-08,3.0,True,1.0
0.75,ZA13QZS7,3,2023-12-19,2023-10-01,79.0,True,0.9984754660329381
0.75,ZA13R3JX,1,2023-12-09,2023-12-07,2.0,True,0.9438232280626492
0.75,ZA13YPC8,1,2023-10-27,,,False,0.3590095235206041
0.75,ZA13YPM7,3,2023-10-14,,,False,0.35985020105598314
0.75,ZA13ZBCR,4,2023-10-15,2023-10-06,9.0,True,0.9999985390110036
0.75,ZA14F16Y,4,2023-10-11,2023-10-01,10.0,True,0.9999999999999405
0.75,ZA16DSXY,3,2023-11-06,2023-10-02,35.0,True,0.9999999998385609
0.75,ZA16DVXM,4,2023-10-04,,,False,0.3499484375928782
0.75,ZA1809YW,2,2023-10-19,2023-10-02,17.0,True,0.9999995803753448
0.75,ZA180QZR,1,2023-10-27,,,False,0.47641447745917104
0.75,ZA180SK8,4,2023-10-04,2023-10-04,0.0,True,0.9999999997972322
0.75,ZA180XCW,4,2023-10-11,2023-10-11,0.0,True,0.9999999999998654
0.75,ZA1818T0,3,2023-10-02,2023-10-02,0.0,True,0.9999999940700106
0.75,ZA1819AM,2,2023-10-10,2023-10-03,7.0,True,0.8597703351403465
0.75,ZA1819F5,2,2023-11-09,2023-11-09,0.0,True,0.9999198938598884
0.75,ZA1819GV,0,2023-11-05,2023-11-05,0.0,True,0.8629439959873848
0.75,ZA18AAWQ,0,2023-11-19,2023-10-13,37.0,True,0.9999133168656686
0.75,ZA18BM1C,1,2023-11-26,2023-10-04,53.0,True,0.9999999999999938
0.75,ZA18BTD8,4,2023-12-07,2023-11-01,36.0,True,0.9999999999827902
0.75,ZA20Z047,0,2023-12-01,2023-12-01,0.0,True,1.0
0.75,ZA21A5Y7,3,2023-11-26,2023-10-02,55.0,True,0.9935630629252818
0.75,ZA21BZ0T,2,2023-12-08,2023-10-24,45.0,True,1.0
0.75,ZA21C0JJ,1,2023-12-22,2023-10-02,81.0,True,1.0
0.75,ZA21E17R,3,2023-10-19,2023-10-06,13.0,True,0.9999996216214433
0.75,ZCH0GBE8,2,2023-12-06,,,False,0.3518564379363282
0.75,ZDEB331Z,4,2023-10-29,,,False,0.3348234870593261
0.75,ZDEB33CV,2,2023-11-25,,,False,0.34245999409712896
0.75,ZHZ0Z125,0,2023-10-19,,,False,0.3341195270929709
0.75,ZHZ2KWN2,0,2023-12-20,,,False,0.34257128053707686
0.75,ZHZ32Z2A,4,2023-11-26,2023-10-01,56.0,True,1.0
0.75,ZHZ394VJ,2,2023-11-03,2023-10-17,17.0,True,0.9999999802691226
0.75,ZHZ3DWLK,1,2023-11-01,,,False,0.34704210934105184
0.75,ZHZ3HR6L,0,2023-11-16,2023-11-01,15.0,True,1.0
0.75,ZHZ3L8C1,1,2023-11-29,2023-10-02,58.0,True,0.9998236528199608
0.75,ZHZ3LXTG,2,2023-11-13,2023-10-04,40.0,True,1.0
0.75,ZHZ3MA7D,1,2023-10-10,2023-10-01,9.0,True,1.0
0.75,ZHZ3MGLV,3,2023-11-21,2023-11-12,9.0,True,1.0
0.75,ZHZ3MT6Z,4,2023-11-03,,,False,0.35432752015645197
0.75,ZHZ3N6KC,3,2023-11-07,,,False,0.3385182318271604
0.75,ZHZ3PTNR,0,2023-10-05,,,False,0.3341195270929709
0.75,ZHZ3QCC7,2,2023-12-06,2023-10-03,64.0,True,0.9999357616841532
0.75,ZHZ3RK71,4,2023-11-26,2023-10-30,27.0,True,1.0
0.75,ZHZ3SR7F,4,2023-11-30,2023-10-02,59.0,True,1.0
0.75,ZHZ3V4NN,1,2023-10-15,2023-10-02,13.0,True,1.0
0.75,ZHZ42CC1,2,2023-11-22,2023-10-03,50.0,True,1.0
0.75,ZHZ45VMA,4,2023-11-12,,,False,0.3348234870593261
0.75,ZHZ4GAX2,2,2023-11-16,,,False,0.34245999409712896
0.75,ZHZ4L0PB,1,2023-11-16,2023-10-26,21.0,True,0.9235405250236691
0.75,ZHZ4LM9D,3,2023-12-10,,,False,0.3418457491195624
0.75,ZHZ4V42G,2,2023-11-17,,,False,0.3709915518455691
0.75,ZHZ4WMSE,4,2023-12-23,2023-11-25,28.0,True,0.9999878154429882
0.75,ZHZ4XHXD,4,2023-10-20,,,False,0.3391120373309228
0.75,ZHZ4XNLB,3,2023-10-02,2023-10-02,0.0,True,0.999995050873643
0.75,ZHZ4Y6GT,0,2023-11-29,,,False,0.5132218223937204
0.75,ZHZ4Y9TX,1,2023-10-06,,,False,0.39906487576293287
0.75,ZHZ50LQL,0,2023-11-17,,,False,0.3359887455017787
0.75,ZHZ50LTQ,4,2023-11-06,,,False,0.3348234870593261
0.75,ZHZ50QXV,4,2023-10-11,,,False,0.41908283226934795
0.75,ZHZ50R8C,3,2023-11-06,,,False,0.3385182318271604
0.75,ZHZ50RD2,3,2023-11-27,2023-11-21,6.0,True,1.0
0.75,ZHZ50X1F,2,2023-12-16,2023-10-03,74.0,True,0.999999998388313
0.75,ZHZ50X7P,3,2023-10-16,,,False,0.6426176524315333
0.75,ZHZ50XCD,3,2023-11-29,,,False,0.4427266115989338
0.75,ZHZ50XCW,1,2023-11-29,2023-11-27,2.0,True,0.7660940784068807
0.75,ZHZ513PZ,0,2023-11-22,2023-11-09,13.0,True,1.0
0.75,ZHZ61HKN,1,2023-11-01,2023-10-05,27.0,True,1.0
0.75,ZHZ62E5L,3,2023-11-08,,,False,0.33962565067107514
0.75,ZHZ62N7S,4,2023-10-24,2023-10-01,23.0,True,1.0
0.75,ZHZ62PG6,2,2023-10-30,2023-10-01,29.0,True,1.0
0.75,ZHZ62PMQ,4,2023-12-13,,,False,0.3380373875431902
0.75,ZHZ62Q5Y,3,2023-10-12,2023-10-07,5.0,True,0.8701957808775349
0.75,ZHZ631G9,0,2023-11-26,,,False,0.7229245063030953
0.75,ZHZ631MX,2,2023-11-26,,,False,0.34245999409712896
0.75,ZHZ636KT,3,2023-10-12,2023-10-03,9.0,True,0.9988728625679459
0.75,ZHZ63CS2,2,2023-11-11,2023-11-11,0.0,True,0.9485030786762554
0.75,ZHZ63EE5,0,2023-10-03,2023-10-01,2.0,True,0.998220623722586
0.75,ZHZ666DD,0,2023-11-09,,,False,0.3341195270929709
0.75,ZHZ666X5,1,2023-10-18,,,False,0.4340709511383322
0.75,ZHZ6691P,3,2023-11-20,2023-11-15,5.0,True,0.9328348675631516
0.75,ZJV3BAMC,3,2023-10-28,2023-10-04,24.0,True,0.9999999999997466
0.75,ZJV3BARY,3,2023-11-18,2023-11-18,0.0,True,0.9999999996046429
0.75,ZJV3C85P,4,2023-12-12,2023-10-01,72.0,True,0.9999941551478637
0.75,ZJV4SYBE,3,2023-12-21,2023-10-13,69.0,True,0.9999999992775386
0.75,ZL004R1P,1,2023-12-08,2023-12-08,0.0,True,1.0
0.75,ZL004VWE,4,2023-11-29,,,False,0.3348234870593261
0.75,ZL005280,4,2023-11-22,2023-11-22,0.0,True,0.9999998958377179
0.75,ZL00563L,0,2023-12-10,,,False,0.3341195270929709
0.75,ZL005664,3,2023-12-15,,,False,0.3385182318271604
0.75,ZL005C2D,3,2023-12-16,2023-10-09,68.0,True,0.98753143079418
0.75,ZL005CTJ,4,2023-10-19,2023-10-19,0.0,True,0.9200892460776269
0.75,ZL005E1T,0,2023-12-22,2023-12-12,10.0,True,0.9999999860277198
0.75,ZL005E6W,3,2023-11-21,,,False,0.3385182318271604
0.75,ZL22YRSD,0,2023-12-13,2023-11-23,20.0,True,1.0
0.75,ZL22ZHJF,2,2023-10-10,,,False,0.3476655500975009
0.75,ZL22ZHJX,3,2023-10-02,,,False,0.3496703280254837
0.75,ZL22ZX5C,2,2023-11-23,,,False,0.6385322468824162
0.75,ZL232KSM,1,2023-11-30,2023-10-01,60.0,True,1.0
0.75,ZL23X28N,4,2023-10-26,2023-10-03,23.0,True,0.809969398260368
0.75,ZL23XZV8,3,2023-10-20,2023-10-03,17.0,True,1.0
0.75,ZL2991XX,2,2023-12-18,2023-12-13,5.0,True,0.9999859881917447
0.75,ZL2DGZB4,1,2023-10-06,2023-10-02,4.0,True,0.9999999998529367
0.75,ZL2KAANL,4,2023-10-14,,,False,0.3348234870593261
0.75,ZL2LA2XJ,2,2023-10-16,,,False,0.34245999409712896
0.75,ZL2LGEMP,0,2023-10-19,2023-10-12,7.0,True,0.9980776043686239
0.75,ZL2LGQ1N,4,2023-11-10,2023-10-04,37.0,True,0.9998244131099189
0.75,ZL2LTEFX,4,2023-11-30,2023-10-09,52.0,True,1.0
0.75,ZL2LTQNY,3,2023-10-19,,,False,0.3385182318271604
0.75,ZL2NFYC7,4,2023-10-12,,,False,0.3348234870593261
0.75,ZL2NFYM9,1,2023-10-31,,,False,0.34704210934105184
0.75,ZL2NG09E,1,2023-11-06,2023-10-16,21.0,True,0.9999999999001057
0.75,ZLW0CTCW,2,2023-10-12,,,False,0.34245999409712896
0.75,ZLW0DVNZ,1,2023-11-06,2023-10-11,26.0,True,0.9680267104609315
0.75,ZLW0EGZ3,4,2023-11-20,,,False,0.3348234870593261
0.75,ZLW0GGAE,3,2023-10-10,,,False,0.3852556084618057
0.75,ZLW0GJW3,1,2023-10-10,,,False,0.34704210934105184
0.75,ZLW0H3EF,3,2023-12-13,,,False,0.340734826169684
0.75,ZLW0H3EY,2,2023-10-20,,,False,0.34245999409712896
0.75,ZLW0H3H6,1,2023-10-07,,,False,0.34704210934105184
0.75,ZLW0HCHQ,2,2023-11-09,,,False,0.3445377537074401
0.75,ZLW0HCL0,3,2023-10-12,2023-10-11,1.0,True,0.9999998901117325
0.75,ZLW0WFKM,1,2023-11-09,,,False,0.34803228835051403
0.75,ZLW15TEZ,4,2023-11-26,2023-10-09,48.0,True,1.0
0.75,ZLW17QM9,0,2023-11-02,2023-10-02,31.0,True,0.9999505892014642
0.75,ZLW17S10,3,2023-10-10,2023-10-07,3.0,True,1.0
0.75,ZLW17SQ7,0,2023-10-10,2023-10-01,9.0,True,1.0
0.75,ZLW18E5F,3,2023-12-07,,,False,0.3713105765262549
0.75,ZLW18EF5,3,2023-12-08,2023-10-05,64.0,True,0.9999997310815539
0.75,ZLW18EFS,2,2023-11-22,2023-10-10,43.0,True,1.0
0.75,ZLW18EHG,4,2023-12-22,2023-10-04,79.0,True,1.0
0.75,ZLW18EKC,3,2023-11-17,2023-10-03,45.0,True,1.0
0.75,ZLW18ML2,3,2023-10-29,2023-10-03,26.0,True,1.0
0.75,ZLW18TKK,4,2023-11-19,2023-10-24,26.0,True,0.999999994963475
0.75,ZLW18TT4,0,2023-11-09,2023-11-09,0.0,True,1.0
0.75,ZTM061J9,1,2023-10-25,2023-10-13,12.0,True,1.0
0.75,ZTM086QH,0,2023-11-12,2023-11-06,6.0,True,1.0
0.9,1090A01EF9RG,1,2023-12-23,,,False,0.34704210934105184
0.9,10B0A0U8F97G,3,2023-11-21,,,False,0.38909980963895946
0.9,10K0A0M7F97G,0,2023-11-07,,,False,0.30158726606591085
0.9,11C0A012F97G,0,2023-11-30,,,False,0.3341195270929709
0.9,11J0A05FF97G,0,2023-10-06,,,False,0.3341195270929709
0.9,1270A0J1FVKG,3,2023-12-22,,,False,0.3630029231485883
0.9,1270A0JSFVKG,4,2023-10-23,,,False,0.3348234870593261
0.9,1270A17RFVKG,4,2023-12-28,,,False,0.3348234870593261
0.9,1280A03BFVKG,3,2023-11-07,,,False,0.3392101623784625
0.9,1290A08EFVKG,2,2023-11-05,,,False,0.34245999409712896
0.9,1290A0TVFVKG,1,2023-11-06,,,False,0.37098527147387156
0.9,12C0A041FVKG,3,2023-10-22,,,False,0.4403594624238873
0.9,13R0A07LFVKG,3,2023-12-20,,,False,0.3385182318271604
0.9,17OYTGKWT,1,2023-12-12,2023-11-25,17.0,True,0.9933139986596169
0.9,17OYTGL6T,3,2023-11-17,2023-10-07,41.0,True,0.9888396847706427
0.9,2003261EDB73,1,2023-11-29,,,False,0.34704210934105184
0.9,20H0A087F97G,3,2023-11-10,,,False,0.3635744420727479
0.9,20H0A13FF97G,0,2023-10-30,,,False,0.3341195270929709
0.9,20W0A0RGF97G,4,2023-12-20,,,False,0.5233392404606398
0.9,22321A803710,4,2023-10-07,,,False,0.3348234870593261
0.9,22331T804912,0,2023-10-05,,,False,0.3341195270929709
0.9,2AGH35LY,3,2023-11-09,2023-10-01,39.0,True,0.999936244254838
0.9,2AGLY65Y,3,2023-11-20,,,False,0.4408161948887267
0.9,2AGMK1TY,3,2023-10-14,,,False,0.4140485732060822
0.9,2AGMLUAY,1,2023-10-24,,,False,0.6019479373102078
0.9,2AGMLZUY,3,2023-12-12,,,False,0.7115450413117544
0.9,2AGMND3Y,2,2023-11-08,2023-11-06,2.0,True,0.9139647175238116
0.9,2AGMNGUY,0,2023-10-26,,,False,0.31438428446962924
0.9,2AGMUVEY,1,2023-11-24,,,False,0.7628158838444851
0.9,2AGN7XWY,4,2023-11-10,,,False,0.3348234870593261
0.9,2AGNKB9Y,1,2023-11-29,,,False,0.34704210934105184
0.9,2AGPPLLY,4,2023-11-29,2023-10-21,39.0,True,0.9974365881919899
0.9,2BJBGNDN,0,2023-11-17,,,False,0.3341195270929709
0.9,2BK9LUJR,4,2023-11-07,,,False,0.3348234870593261
0.9,2BKY735T,1,2023-12-14,,,False,0.7375204972074509
0.9,2CGRWHSN,2,2023-10-10,,,False,0.34245999409712896
0.9,2PH3PV1N,3,2023-10-15,2023-10-15,0.0,True,0.9999999998408156
0.9,3070A0ANF97G,1,2023-10-26,,,False,0.34704210934105184
0.9,40M0A0D1F97G,0,2023-10-13,,,False,0.3341195270929709
0.9,40W0A02GF97G,4,2023-11-26,,,False,0.6536005098206936
0.9,40X0A0EFF97G,1,2023-12-21,,,False,0.38142855388771224
0.9,43E0A015FVKG,0,2023-11-01,,,False,0.3341195270929709
0.9,45CHK11VFMYB,4,2023-10-12,,,False,0.3348234870593261
0.9,5090A10SF97G,3,2023-12-15,,,False,0.3882192073295394
0.9,5120A01HF97G,3,2023-12-04,,,False,0.3385182318271604
0.9,51Q0A0APFVGG,3,2023-12-19,2023-12-15,4.0,True,0.9577223220970268
0.9,51R0A3RVFVGG,4,2023-11-30,,,False,0.3644611506902172
0.9,51T0A0MKFVGG,4,2023-12-23,,,False,0.3348234870593261
0.9,52U0A09AFVKG,1,2023-10-18,,,False,0.34704210934105184
0.9,5PH9D1ED,2,2023-10-11,,,False,0.466014682374427
0.9,5PHKJLUF,1,2023-12-20,,,False,0.7649065570141191
0.9,5PHKUTVD,4,2023-12-18,,,False,0.5299439307163015
0.9,5PHKW01D,0,2023-11-02,,,False,0.40398940013808154
0.9,5PHKWYED,0,2023-11-15,,,False,0.3341195270929709
0.9,5PHPEN2D,3,2023-11-30,,,False,0.42171160835809857
0.9,5PHPLEGD,0,2023-10-11,,,False,0.552565099988144
0.9,5PHRR7RD,3,2023-10-09,,,False,0.36400333405319485
0.9,5PJ7H9RD,0,2023-11-26,2023-11-19,7.0,True,1.0
0.9,5PJAAGLD,4,2023-12-03,,,False,0.5902657330850086
0.9,5PJATL0F,4,2023-12-11,,,False,0.3348234870593261
0.9,5QKVJ8UB,1,2023-12-01,,,False,0.34704210934105184
0.9,6120A00EF97G,2,2023-11-06,,,False,0.372080704755176
0.9,6210A02XFVKG,1,2023-10-02,,,False,0.37098527147387156
0.9,6210A08MFVKG,3,2023-10-12,,,False,0.3630029231485883
0.9,6210A0LVFVKG,2,2023-11-27,2023-11-11,16.0,True,1.0
0.9,6240A2WDFVKG,1,2023-11-09,,,False,0.8775884039015741
0.9,6250A01BFVKG,0,2023-11-19,,,False,0.3341195270929709
0.9,6250A02TFVKG,4,2023-11-18,2023-11-07,11.0,True,0.9768181766871046
0.9,6250A0ZEFVKG,1,2023-11-14,,,False,0.6269840412119378
0.9,6250A158FVKG,1,2023-11-16,,,False,0.37098527147387156
0.9,6250A1HZFVKG,0,2023-10-15,2023-10-15,0.0,True,0.9624433928845927
0.9,6260A025FVKG,1,2023-12-24,,,False,0.5566198615748282
0.9,6260A0BJFVKG,3,2023-10-27,,,False,0.3392101623784625
0.9,6280A020FVKG,0,2023-11-10,,,False,0.3341195270929709
0.9,6280A0JSFVKG,1,2023-12-20,,,False,0.44626588616368035
0.9,6290A02VFVKG,2,2023-10-22,,,False,0.372080704755176
0.9,62A0A022FVKG,2,2023-11-04,,,False,0.49822468028169364
0.9,7030A0CTF97G,2,2023-12-08,,,False,0.34245999409712896
0.9,70E0A13VF97G,0,2023-10-19,,,False,0.3341195270929709
0.9,70P0A0DJFV8G,4,2023-12-21,,,False,0.3348234870593261
0.9,72V0A004F97G,2,2023-12-03,2023-11-20,13.0,True,0.9807238071103554
0.9,78B0A04EF97G,1,2023-10-09,,,False,0.34716580956780807
0.9,78P0A00RF97G,3,2023-10-16,,,False,0.3385182318271604
0.9,7LZ029TG,4,2023-10-05,,,False,0.3348234870593261
0.9,7QT02S4X,4,2023-10-15,,,False,0.3348234870593261
0.9,8160A23UFVKG,2,2023-10-27,,,False,0.34245999409712896
0.9,8180A0XHFVKG,2,2023-10-17,2023-10-14,3.0,True,1.0
0.9,8180A0Z7FVKG,3,2023-11-06,,,False,0.6515003301382127
0.9,81W0A0E3FV8G,2,2023-12-21,2023-12-21,0.0,True,0.993918728612458
0.9,8250A049FVKG,3,2023-10-08,,,False,0.3385182318271604
0.9,8280A02JFVKG,2,2023-11-14,,,False,0.372080704755176
0.9,88Q0A0LYF97G,2,2023-11-01,,,False,0.40269438151178694
0.9,88T0A035F97G,1,2023-12-09,,,False,0.37124005744035704
0.9,8CGJEK9G,1,2023-11-02,2023-10-02,31.0,True,1.0
0.9,8CGJUALG,2,2023-11-02,2023-10-01,32.0,True,1.0
0.9,8CGJUH6G,4,2023-11-14,,,False,0.3348234870593261
0.9,8CGL3KYG,0,2023-10-23,2023-10-02,21.0,True,1.0
0.9,8CGLBLKG,2,2023-12-22,2023-10-03,80.0,True,1.0
0.9,8CH384ME,0,2023-12-03,,,False,0.6859858377540735
0.9,8DHBDYLH,3,2023-11-22,2023-10-01,52.0,True,0.9999999999418916
0.9,8DHVL1XH,1,2023-12-15,2023-10-07,69.0,True,0.9893992970639559
0.9,8HGNSXXH,3,2023-11-28,,,False,0.5474809623840466
0.9,8HGZRBWH,0,2023-12-18,,,False,0.847111847402676
0.9,8HH45UGH,0,2023-12-18,2023-12-08,10.0,True,0.948536323886136
0.9,8HH9EZNH,2,2023-12-14,2023-10-04,71.0,True,0.9999991267235814
0.9,8HJRRMBH,1,2023-10-08,,,False,0.6485703026050862
0.9,8HK2NBJH,3,2023-12-10,,,False,0.4140485732060822
0.9,8HK2TJHH,1,2023-12-02,2023-10-05,58.0,True,0.9673210088786051
0.9,8HK7Y28H,0,2023-11-02,2023-10-03,30.0,True,0.9994207675987947
0.9,8HKTH2SH,4,2023-11-27,,,False,0.8020052582350284
0.9,8HKXE65H,0,2023-10-18,,,False,0.3341195270929709
0.9,92A0A06MFVKG,1,2023-12-05,,,False,0.34716580956780807
0.9,92J0A07XFVKG,0,2023-12-11,,,False,0.3341195270929709
0.9,92M0A06GFVKG,3,2023-11-06,,,False,0.3385182318271604
0.9,AAG1LLJH,2,2023-11-26,2023-11-18,8.0,True,0.920183796079607
0.9,AAG26NBH,1,2023-10-19,,,False,0.8750055160724175
0.9,AAG26PSH,2,2023-12-02,,,False,0.3776154047199285
0.9,AAG2HK2H,1,2023-12-08,2023-10-02,67.0,True,0.9995262909944399
0.9,AAG61KSH,3,2023-12-16,2023-11-17,29.0,True,0.9823175566646194
0.9,AAG61VBH,0,2023-10-19,,,False,0.33423620141275423
0.9,AAG63WDH,4,2023-12-06,2023-11-16,20.0,True,0.9999999986704944
0.9,AAG63XMH,4,2023-10-01,,,False,0.7575126707453537
0.9,AAG67TXH,3,2023-10-24,2023-10-20,4.0,True,0.9988758421409916
0.9,AAG6GHPH,0,2023-12-07,,,False,0.5973652385849929
0.9,AAG6J3VH,4,2023-11-30,,,False,0.5565828445941416
0.9,AAG6NPYH,1,2023-12-07,,,False,0.43883156729947964
0.9,AAG6TG3H,4,2023-10-01,,,False,0.3348234870593261
0.9,AAG6USGH,4,2023-11-10,,,False,0.36441978252571866
0.9,AAG6VLMH,1,2023-11-18,2023-11-11,7.0,True,0.9462748709894383
0.9,AAG6Y8ZH,2,2023-10-05,2023-10-01,4.0,True,0.9999991295803785
0.9,AAGP140H,1,2023-11-29,,,False,0.7861917379610834
0.9,AAHKXKUH,3,2023-10-11,,,False,0.3882192073295394
0.9,AAHLBWSH,3,2023-12-11,,,False,0.8409929809192325
0.9,AAHLDXHH,3,2023-10-14,,,False,0.3882192073295394
0.9,AAHMX1BH,3,2023-10-02,2023-10-02,0.0,True,0.9411617378337376
0.9,PL1331LAHEAVHH,3,2023-11-17,,,False,0.3385182318271604
0.9,PL2331LAH3ABZJ,0,2023-11-07,,,False,0.6434655560098617
0.9,PL2331LAH43B4J,0,2023-11-26,,,False,0.3341195270929709
0.9,QGK97X5T,0,2023-10-10,,,False,0.8475188817502382
0.9,S2ZYJ9GGB01081,3,2023-11-17,,,False,0.6975798159827898
0.9,S300Z7LH,0,2023-11-04,2023-10-01,34.0,True,0.9999999999999998
0.9,S301GQAL,2,2023-12-11,2023-10-02,70.0,True,1.0
0.9,S301K4FX,0,2023-11-30,2023-10-03,58.0,True,0.9911129784101749
0.9,VKGKWERX,4,2023-11-13,,,False,0.3348234870593261
0.9,VKH173MX,2,2023-11-30,,,False,0.34245999409712896
0.9,VKH99RYX,3,2023-11-02,,,False,0.8186766686604373
0.9,WD-WXQ1AA541HX5,1,2023-11-17,,,False,0.6952908376720542
0.9,X050A003F97G,4,2023-12-20,,,False,0.3644611506902172
0.9,X880A0EMF97G,3,2023-12-02,,,False,0.3630029231485883
0.9,X880A0JCF97G,0,2023-10-16,,,False,0.33423620141275423
0.9,X8E0A010F97G,0,2023-11-12,,,False,0.3341195270929709
0.9,X8E0A025F97G,3,2023-11-26,,,False,0.38909980963895946
0.9,X8F0A08CF97G,0,2023-10-02,,,False,0.42572000871857685
0.9,X8G0A07BF97G,0,2023-11-20,,,False,0.4038631472120465
0.9,Y230A003FVKG,3,2023-12-05,,,False,0.4140485732060822
0.9,Y8S0A00MF97G,0,2023-12-07,,,False,0.36830325434611627
0.9,Z1A0A01BFVKG,4,2023-12-14,,,False,0.5241125605076213
0.9,Z1G0A015FVKG,1,2023-11-14,,,False,0.395579563505369
0.9,Z303H7WP,2,2023-11-21,2023-10-02,50.0,True,0.9530999007354972
0.9,Z303QQH9,1,2023-11-25,2023-10-05,51.0,True,1.0
0.9,Z303XYWQ,4,2023-11-11,2023-10-12,30.0,True,0.999995284643401
0.9,Z304GE9A,2,2023-10-18,,,False,0.34245999409712896
0.9,Z304H4LE,1,2023-10-18,2023-10-04,14.0,True,1.0
0.9,Z304HWWL,2,2023-11-14,2023-11-14,0.0,True,0.9999971904998727
0.9,Z304JW45,0,2023-10-23,2023-10-21,2.0,True,1.0
0.9,Z304K68J,4,2023-10-15,,,False,0.3348234870593261
0.9,Z304K6DN,4,2023-10-31,,,False,0.5878992728743744
0.9,Z304L95Y,0,2023-10-20,2023-10-18,2.0,True,1.0
0.9,Z304Z4W1,4,2023-10-19,,,False,0.5902225373990911
0.9,Z3058T9M,3,2023-11-27,,,False,0.3385182318271604
0.9,Z305D34N,2,2023-10-19,2023-10-05,14.0,True,1.0
0.9,Z305D3EF,0,2023-11-22,2023-11-20,2.0,True,1.0
0.9,Z305D60D,3,2023-10-20,2023-10-11,9.0,True,1.0
0.9,Z305D63V,3,2023-11-01,2023-11-01,0.0,True,1.0
0.9,Z305DJ0W,4,2023-10-28,,,False,0.589061401720248
0.9,Z305DJ3A,1,2023-10-20,2023-10-07,13.0,True,1.0
0.9,Z305EWC4,3,2023-12-18,2023-10-05,74.0,True,0.9999998901117325
0.9,Z305KB2K,1,2023-12-14,,,False,0.34704210934105184
0.9,Z305LMY1,2,2023-10-12,2023-10-04,8.0,True,0.9999997580209997
0.9,Z305PJLH,1,2023-10-16,2023-10-02,14.0,True,1.0
0.9,Z305Q06E,3,2023-11-24,2023-11-02,22.0,True,1.0
0.9,Z7KDT7N5T,0,2023-11-10,,,False,0.6251012036499343
0.9,ZA11G804,4,2023-12-03,,,False,0.6477639459050193
0.9,ZA11JA0Y,2,2023-10-21,2023-10-03,18.0,True,1.0
0.9,ZA12A7Q2,0,2023-10-02,2023-10-02,0.0,True,0.9920514403182836
0.9,ZA12KEHB,2,2023-11-30,2023-11-17,13.0,True,0.9999999999999722
0.9,ZA12NYP5,1,2023-11-30,2023-10-24,37.0,True,0.99999999999917
0.9,ZA12X5D7,1,2023-10-12,2023-10-02,10.0,True,0.9999984049374908
0.9,ZA13GZC5,4,2023-10-11,2023-10-08,3.0,True,1.0
0.9,ZA13QZS7,3,2023-12-19,2023-10-01,79.0,True,0.9984754660329381
0.9,ZA13R3JX,1,2023-12-09,2023-12-07,2.0,True,0.9438232280626492
0.9,ZA13YPC8,1,2023-10-27,,,False,0.3590095235206041
0.9,ZA13YPM7,3,2023-10-14,,,False,0.35985020105598314
0.9,ZA13ZBCR,4,2023-10-15,2023-10-06,9.0,True,0.9999985390110036
0.9,ZA14F16Y,4,2023-10-11,2023-10-01,10.0,True,0.9999999999999405
0.9,ZA16DSXY,3,2023-11-06,2023-10-02,35.0,True,0.9999999998385609
0.9,ZA16DVXM,4,2023-10-04,,,False,0.3499484375928782
0.9,ZA1809YW,2,2023-10-19,2023-10-02,17.0,True,0.9999995803753448
0.9,ZA180QZR,1,2023-10-27,,,False,0.47641447745917104
0.9,ZA180SK8,4,2023-10-04,2023-10-04,0.0,True,0.9999999997972322
0.9,ZA180XCW,4,2023-10-11,2023-10-11,0.0,True,0.9999999999998654
0.9,ZA1818T0,3,2023-10-02,2023-10-02,0.0,True,0.9999999940700106
0.9,ZA1819AM,2,2023-10-10,,,False,0.8597703351403465
0.9,ZA1819F5,2,2023-11-09,2023-11-09,0.0,True,0.9999198938598884
0.9,ZA1819GV,0,2023-11-05,,,False,0.8629439959873848
0.9,ZA18AAWQ,0,2023-11-19,2023-11-19,0.0,True,0.9999133168656686
0.9,ZA18BM1C,1,2023-11-26,2023-10-04,53.0,True,0.9999999999999938
0.9,ZA18BTD8,4,2023-12-07,2023-11-01,36.0,True,0.9999999999827902
0.9,ZA20Z047,0,2023-12-01,2023-12-01,0.0,True,1.0
0.9,ZA21A5Y7,3,2023-11-26,2023-10-02,55.0,True,0.9935630629252818
0.9,ZA21BZ0T,2,2023-12-08,2023-10-24,45.0,True,1.0
0.9,ZA21C0JJ,1,2023-12-22,2023-10-02,81.0,True,1.0
0.9,ZA21E17R,3,2023-10-19,2023-10-06,13.0,True,0.9999996216214433
0.9,ZCH0GBE8,2,2023-12-06,,,False,0.3518564379363282
0.9,ZDEB331Z,4,2023-10-29,,,False,0.3348234870593261
0.9,ZDEB33CV,2,2023-11-25,,,False,0.34245999409712896
0.9,ZHZ0Z125,0,2023-10-19,,,False,0.3341195270929709
0.9,ZHZ2KWN2,0,2023-12-20,,,False,0.34257128053707686
0.9,ZHZ32Z2A,4,2023-11-26,2023-10-01,56.0,True,1.0
0.9,ZHZ394VJ,2,2023-11-03,2023-10-18,16.0,True,0.9999999802691226
0.9,ZHZ3DWLK,1,2023-11-01,,,False,0.34704210934105184
0.9,ZHZ3HR6L,0,2023-11-16,2023-11-01,15.0,True,1.0
0.9,ZHZ3L8C1,1,2023-11-29,2023-10-02,58.0,True,0.9998236528199608
0.9,ZHZ3LXTG,2,2023-11-13,2023-10-04,40.0,True,1.0
0.9,ZHZ3MA7D,1,2023-10-10,2023-10-01,9.0,True,1.0
0.9,ZHZ3MGLV,3,2023-11-21,2023-11-12,9.0,True,1.0
0.9,ZHZ3MT6Z,4,2023-11-03,,,False,0.35432752015645197
0.9,ZHZ3N6KC,3,2023-11-07,,,False,0.3385182318271604
0.9,ZHZ3PTNR,0,2023-10-05,,,False,0.3341195270929709
0.9,ZHZ3QCC7,2,2023-12-06,2023-10-03,64.0,True,0.9999357616841532
0.9,ZHZ3RK71,4,2023-11-26,2023-10-30,27.0,True,1.0
0.9,ZHZ3SR7F,4,2023-11-30,2023-10-02,59.0,True,1.0
0.9,ZHZ3V4NN,1,2023-10-15,2023-10-13,2.0,True,1.0
0.9,ZHZ42CC1,2,2023-11-22,2023-10-03,50.0,True,1.0
0.9,ZHZ45VMA,4,2023-11-12,,,False,0.3348234870593261
0.9,ZHZ4GAX2,2,2023-11-16,,,False,0.34245999409712896
0.9,ZHZ4L0PB,1,2023-11-16,2023-10-26,21.0,True,0.9235405250236691
0.9,ZHZ4LM9D,3,2023-12-10,,,False,0.3418457491195624
0.9,ZHZ4V42G,2,2023-11-17,,,False,0.3709915518455691
0.9,ZHZ4WMSE,4,2023-12-23,2023-11-27,26.0,True,0.9999878154429882
0.9,ZHZ4XHXD,4,2023-10-20,,,False,0.3391120373309228
0.9,ZHZ4XNLB,3,2023-10-02,2023-10-02,0.0,True,0.999995050873643
0.9,ZHZ4Y6GT,0,2023-11-29,,,False,0.5132218223937204
0.9,ZHZ4Y9TX,1,2023-10-06,,,False,0.39906487576293287
0.9,ZHZ50LQL,0,2023-11-17,,,False,0.3359887455017787
0.9,ZHZ50LTQ,4,2023-11-06,,,False,0.3348234870593261
0.9,ZHZ50QXV,4,2023-10-11,,,False,0.41908283226934795
0.9,ZHZ50R8C,3,2023-11-06,,,False,0.3385182318271604
0.9,ZHZ50RD2,3,2023-11-27,2023-11-21,6.0,True,1.0
0.9,ZHZ50X1F,2,2023-12-16,2023-10-03,74.0,True,0.999999998388313
0.9,ZHZ50X7P,3,2023-10-16,,,False,0.6426176524315333
0.9,ZHZ50XCD,3,2023-11-29,,,False,0.4427266115989338
0.9,ZHZ50XCW,1,2023-11-29,,,False,0.7660940784068807
0.9,ZHZ513PZ,0,2023-11-22,2023-11-09,13.0,True,1.0
0.9,ZHZ61HKN,1,2023-11-01,2023-10-05,27.0,True,1.0
0.9,ZHZ62E5L,3,2023-11-08,,,False,0.33962565067107514
0.9,ZHZ62N7S,4,2023-10-24,2023-10-01,23.0,True,1.0
0.9,ZHZ62PG6,2,2023-10-30,2023-10-01,29.0,True,1.0
0.9,ZHZ62PMQ,4,2023-12-13,,,False,0.3380373875431902
0.9,ZHZ62Q5Y,3,2023-10-12,,,False,0.8701957808775349
0.9,ZHZ631G9,0,2023-11-26,,,False,0.7229245063030953
0.9,ZHZ631MX,2,2023-11-26,,,False,0.34245999409712896
0.9,ZHZ636KT,3,2023-10-12,2023-10-03,9.0,True,0.9988728625679459
0.9,ZHZ63CS2,2,2023-11-11,2023-11-11,0.0,True,0.9485030786762554
0.9,ZHZ63EE5,0,2023-10-03,2023-10-01,2.0,True,0.998220623722586
0.9,ZHZ666DD,0,2023-11-09,,,False,0.3341195270929709
0.9,ZHZ666X5,1,2023-10-18,,,False,0.4340709511383322
0.9,ZHZ6691P,3,2023-11-20,2023-11-15,5.0,True,0.9328348675631516
0.9,ZJV3BAMC,3,2023-10-28,2023-10-04,24.0,True,0.9999999999997466
0.9,ZJV3BARY,3,2023-11-18,2023-11-18,0.0,True,0.9999999996046429
0.9,ZJV3C85P,4,2023-12-12,2023-12-06,6.0,True,0.9999941551478637
0.9,ZJV4SYBE,3,2023-12-21,2023-10-13,69.0,True,0.9999999992775386
0.9,ZL004R1P,1,2023-12-08,2023-12-08,0.0,True,1.0
0.9,ZL004VWE,4,2023-11-29,,,False,0.3348234870593261
0.9,ZL005280,4,2023-11-22,2023-11-22,0.0,True,0.9999998958377179
0.9,ZL00563L,0,2023-12-10,,,False,0.3341195270929709
0.9,ZL005664,3,2023-12-15,,,False,0.3385182318271604
0.9,ZL005C2D,3,2023-12-16,2023-10-09,68.0,True,0.98753143079418
0.9,ZL005CTJ,4,2023-10-19,2023-10-19,0.0,True,0.9200892460776269
0.9,ZL005E1T,0,2023-12-22,2023-12-20,2.0,True,0.9999999860277198
0.9,ZL005E6W,3,2023-11-21,,,False,0.3385182318271604
0.9,ZL22YRSD,0,2023-12-13,2023-11-28,15.0,True,1.0
0.9,ZL22ZHJF,2,2023-10-10,,,False,0.3476655500975009
0.9,ZL22ZHJX,3,2023-10-02,,,False,0.3496703280254837
0.9,ZL22ZX5C,2,2023-11-23,,,False,0.6385322468824162
0.9,ZL232KSM,1,2023-11-30,2023-10-01,60.0,True,1.0
0.9,ZL23X28N,4,2023-10-26,,,False,0.809969398260368
0.9,ZL23XZV8,3,2023-10-20,2023-10-03,17.0,True,1.0
0.9,ZL2991XX,2,2023-12-18,2023-12-13,5.0,True,0.9999859881917447
0.9,ZL2DGZB4,1,2023-10-06,2023-10-02,4.0,True,0.9999999998529367
0.9,ZL2KAANL,4,2023-10-14,,,False,0.3348234870593261
0.9,ZL2LA2XJ,2,2023-10-16,,,False,0.34245999409712896
0.9,ZL2LGEMP,0,2023-10-19,2023-10-12,7.0,True,0.9980776043686239
0.9,ZL2LGQ1N,4,2023-11-10,2023-10-04,37.0,True,0.9998244131099189
0.9,ZL2LTEFX,4,2023-11-30,2023-10-09,52.0,True,1.0
0.9,ZL2LTQNY,3,2023-10-19,,,False,0.3385182318271604
0.9,ZL2NFYC7,4,2023-10-12,,,False,0.3348234870593261
0.9,ZL2NFYM9,1,2023-10-31,,,False,0.34704210934105184
0.9,ZL2NG09E,1,2023-11-06,2023-10-16,21.0,True,0.9999999999001057
0.9,ZLW0CTCW,2,2023-10-12,,,False,0.34245999409712896
0.9,ZLW0DVNZ,1,2023-11-06,2023-10-11,26.0,True,0.9680267104609315
0.9,ZLW0EGZ3,4,2023-11-20,,,False,0.3348234870593261
0.9,ZLW0GGAE,3,2023-10-10,,,False,0.3852556084618057
0.9,ZLW0GJW3,1,2023-10-10,,,False,0.34704210934105184
0.9,ZLW0H3EF,3,2023-12-13,,,False,0.340734826169684
0.9,ZLW0H3EY,2,2023-10-20,,,False,0.34245999409712896
0.9,ZLW0H3H6,1,2023-10-07,,,False,0.34704210934105184
0.9,ZLW0HCHQ,2,2023-11-09,,,False,0.3445377537074401
0.9,ZLW0HCL0,3,2023-10-12,2023-10-11,1.0,True,0.9999998901117325
0.9,ZLW0WFKM,1,2023-11-09,,,False,0.34803228835051403
0.9,ZLW15TEZ,4,2023-11-26,2023-10-09,48.0,True,1.0
0.9,ZLW17QM9,0,2023-11-02,2023-10-02,31.0,True,0.9999505892014642
0.9,ZLW17S10,3,2023-10-10,2023-10-07,3.0,True,1.0
0.9,ZLW17SQ7,0,2023-10-10,2023-10-01,9.0,True,1.0
0.9,ZLW18E5F,3,2023-12-07,,,False,0.3713105765262549
0.9,ZLW18EF5,3,2023-12-08,2023-10-10,59.0,True,0.9999997310815539
0.9,ZLW18EFS,2,2023-11-22,2023-10-10,43.0,True,1.0
0.9,ZLW18EHG,4,2023-12-22,2023-10-04,79.0,True,1.0
0.9,ZLW18EKC,3,2023-11-17,2023-10-03,45.0,True,1.0
0.9,ZLW18ML2,3,2023-10-29,2023-10-03,26.0,True,1.0
0.9,ZLW18TKK,4,2023-11-19,2023-10-28,22.0,True,0.999999994963475
0.9,ZLW18TT4,0,2023-11-09,2023-11-09,0.0,True,1.0
0.9,ZTM061J9,1,2023-10-25,2023-10-13,12.0,True,1.0
0.9,ZTM086QH,0,2023-11-12,2023-11-12,0.0,True,1.0
