model,false_negative,false_positive,true_negative,true_positive,failed_total,healthy_total,failed_drive_miss_rate,healthy_drive_alert_rate
CT250MX500SSD1,0,0,628,0,0,628,,0.0
DELLBOSS VD,0,0,431,0,0,431,,0.0
HGST HDS5C4040ALE630,0,0,14,0,0,14,,0.0
HGST HDS724040ALE640,0,0,1,0,0,1,,0.0
HGST HMS5C4040ALE640,2,5,2595,0,2,2600,1.0,0.0019230769230769232
HGST HMS5C4040BLE640,1,22,10281,0,1,10303,1.0,0.0021353003979423467
HGST HMS5C4040BLE641,0,0,1,0,0,1,,0.0
HGST HUH721010ALE600,0,0,20,0,0,20,,0.0
HGST HUH721212ALE600,1,48,2568,4,5,2616,0.2,0.01834862385321101
HGST HUH721212ALE604,10,134,13088,7,17,13222,0.5882352941176471,0.010134624111329602
HGST HUH721212ALN604,20,218,10392,20,40,10610,0.5,0.020546654099905748
HGST HUH728080ALE600,2,18,1089,1,3,1107,0.6666666666666666,0.016260162601626018
HGST HUH728080ALE604,0,1,89,0,0,90,,0.011111111111111112
HGST HUS726040ALE610,0,1,32,0,0,33,,0.030303030303030304
HGST HUS726040ALN610,0,1,15,0,0,16,,0.0625
HGST HUS728T8TALE6L4,0,0,20,0,0,20,,0.0
Hitachi HDS5C4040ALE630,0,0,5,0,0,5,,0.0
MTFDDAV240TCB,1,0,86,0,1,86,1.0,0.0
MTFDDAV480TCB,0,0,2,0,0,2,,0.0
SSDSCKKB240GZR,0,0,1,0,0,1,,0.0
ST10000NM001G,0,0,28,0,0,28,,0.0
ST10000NM0086,0,88,1020,5,5,1108,0.0,0.07942238267148015
ST1000LM024 HN,0,0,1,0,0,1,,0.0
ST12000NM0007,1,87,1093,4,5,1180,0.2,0.07372881355932204
ST12000NM0008,25,186,19341,26,51,19527,0.49019607843137253,0.009525272699339376
ST12000NM000J,0,0,196,0,0,196,,0.0
ST12000NM001G,9,76,13069,2,11,13145,0.8181818181818182,0.005781666032712057
ST12000NM003G,0,0,5,0,0,5,,0.0
ST12000NM0117,0,1,7,0,0,8,,0.125
ST14000NM000J,0,0,79,0,0,79,,0.0
ST14000NM0018,1,3,66,0,1,69,1.0,0.043478260869565216
ST14000NM001G,1,138,10627,15,16,10765,0.0625,0.012819321876451463
ST14000NM0138,2,59,1358,7,9,1417,0.2222222222222222,0.04163726182074806
ST16000NM000J,0,0,53,0,0,53,,0.0
ST16000NM001G,8,75,27567,8,16,27642,0.5,0.0027132624267419145
ST16000NM002J,0,2,463,0,0,465,,0.004301075268817204
ST16000NM005G,0,0,26,0,0,26,,0.0
ST18000NM000J,0,0,60,0,0,60,,0.0
ST4000DM000,7,250,15698,19,26,15948,0.2692307692307692,0.015675946827188363
ST4000DM004,0,0,19,0,0,19,,0.0
ST4000DM005,0,0,33,0,0,33,,0.0
ST500LM012 HN,1,1,350,0,1,351,1.0,0.002849002849002849
ST500LM021,0,0,30,0,0,30,,0.0
ST500LM030,2,1,200,0,2,201,1.0,0.004975124378109453
ST6000DM001,0,0,4,0,0,4,,0.0
ST6000DM004,0,0,1,0,0,1,,0.0
ST6000DX000,0,18,865,0,0,883,,0.020385050962627407
ST8000DM002,3,131,9159,7,10,9290,0.3,0.01410118406889128
ST8000DM005,0,0,24,0,0,24,,0.0
ST8000NM000A,0,0,204,0,0,204,,0.0
ST8000NM0055,2,272,13718,14,16,13990,0.125,0.019442458899213724
Seagate BarraCuda 120 SSD ZA250CM10003,1,0,1128,0,1,1128,1.0,0.0
Seagate BarraCuda 120 SSD ZA500CM10003,0,0,3,0,0,3,,0.0
Seagate BarraCuda SSD ZA2000CM10002,0,0,3,0,0,3,,0.0
Seagate BarraCuda SSD ZA250CM10002,1,0,541,0,1,541,1.0,0.0
Seagate BarraCuda SSD ZA500CM10002,0,0,18,0,0,18,,0.0
Seagate FireCuda 120 SSD ZA500GM10001,0,0,6,0,0,6,,0.0
Seagate IronWolf ZA250NM10002,0,0,118,0,0,118,,0.0
Seagate SSD,0,0,102,0,0,102,,0.0
TOSHIBA HDWE160,0,0,4,0,0,4,,0.0
TOSHIBA HDWF180,0,1,60,0,0,61,,0.01639344262295082
TOSHIBA MD04ABA400V,1,0,93,0,1,93,1.0,0.0
TOSHIBA MG07ACA14TA,28,1,38092,1,29,38093,0.9655172413793104,2.6251542278108837e-05
TOSHIBA MG07ACA14TEY,1,2,675,0,1,677,1.0,0.0029542097488921715
TOSHIBA MG08ACA16TA,31,25,33725,5,36,33750,0.8611111111111112,0.0007407407407407407
TOSHIBA MG08ACA16TE,2,44,5927,1,3,5971,0.6666666666666666,0.007368949924635739
TOSHIBA MG08ACA16TEY,1,10,5263,1,2,5273,0.5,0.0018964536317087046
TOSHIBA MG10ACA20TE,0,0,2,0,0,2,,0.0
TOSHIBA MQ01ABF050,0,2,196,2,2,198,0.0,0.010101010101010102
TOSHIBA MQ01ABF050M,1,8,204,0,1,212,1.0,0.03773584905660377
WD Blue SA510 2.5 250GB,2,0,124,0,2,124,1.0,0.0
WDC WD5000BPKT,0,0,8,0,0,8,,0.0
WDC WD5000LPCX,1,0,51,0,1,51,1.0,0.0
WDC WD5000LPVX,0,0,156,0,0,156,,0.0
WDC WD60EFRX,0,0,3,0,0,3,,0.0
WDC WDS250G2B0A,0,0,137,0,0,137,,0.0
WDC WUH721414ALE6L4,0,28,8448,1,1,8476,0.0,0.0033034450212364322
WDC WUH721816ALE6L0,0,14,3046,0,0,3060,,0.004575163398692811
WDC WUH721816ALE6L4,3,12,21604,2,5,21616,0.6,0.0005551443375277572
WDC WUH722222ALE6L4,0,3,2377,0,0,2380,,0.0012605042016806723
WUH721816ALE6L4,0,0,46,0,0,46,,0.0
